easting,northing,dz_dx,dz_dy,inclination_deg
3.334362898816561792e+05,4.979665040709275752e+06,2.912380036498246061e-01,-2.619414300626466408e-01,2.139053213396442032e+01
3.334362741051073535e+05,4.979665041120233946e+06,2.912380036498246061e-01,-2.619414300626466408e-01,2.139053213396442032e+01
3.334362586179249920e+05,4.979665052639852278e+06,2.914207682027772361e-01,-2.620459367071235612e-01,2.140075317486039097e+01
3.334362510190170724e+05,4.979665063953991979e+06,2.918080455326267919e-01,-2.620301104412305904e-01,2.141453386140737081e+01
3.334362513083836529e+05,4.979665075062650256e+06,2.919865082178141891e-01,-2.619515666920051444e-01,2.141852369100860898e+01
3.334362594860246172e+05,4.979665085965831764e+06,2.915321024790618609e-01,-2.622257464459252230e-01,2.141083585403837830e+01
3.334362515977502335e+05,4.979665086171310395e+06,2.919236495588278246e-01,-2.622159119600837585e-01,2.142496911946613380e+01
3.334362437094757915e+05,4.979665086376789957e+06,2.919396914633808349e-01,-2.622164577865712110e-01,2.142557978128115437e+01
3.334362279329270823e+05,4.979665086787749082e+06,2.919260658250769636e-01,-2.621084142705976672e-01,2.142149209203959970e+01
3.334362197552861180e+05,4.979665075884569436e+06,2.919260658250769636e-01,-2.621084142705976672e-01,2.142149209203959970e+01
3.334362118670117343e+05,4.979665076090048999e+06,2.919260658250769636e-01,-2.621084142705976672e-01,2.142149209203959970e+01
3.334362197552861180e+05,4.979665075884569436e+06,2.919260658250769636e-01,-2.621084142705976672e-01,2.142149209203959970e+01
3.334362197552861180e+05,4.979665075884569436e+06,2.919260658250769636e-01,-2.621084142705976672e-01,2.142149209203959970e+01
3.334362197552861180e+05,4.979665075884569436e+06,2.919260658250769636e-01,-2.621084142705976672e-01,2.142149209203959970e+01
3.334362197552861180e+05,4.979665075884569436e+06,2.919260658250769636e-01,-2.621084142705976672e-01,2.142149209203959970e+01
3.334362194659195375e+05,4.979665064775909297e+06,2.919260658250769636e-01,-2.621084142705976672e-01,2.142149209203959970e+01
3.334362112882785732e+05,4.979665053872730583e+06,2.918779028835957190e-01,-2.620298140678231635e-01,2.141710520770383752e+01
3.334362031106374925e+05,4.979665042969550937e+06,2.918779028835957190e-01,-2.620298140678231635e-01,2.141710520770383752e+01
3.334361952223629924e+05,4.979665043175030500e+06,2.918617895994346512e-01,-2.620276558679646706e-01,2.141643822263480956e+01
3.334361952223629924e+05,4.979665043175030500e+06,2.918617895994346512e-01,-2.620276558679646706e-01,2.141643822263480956e+01
3.334361870447219117e+05,4.979665032271849923e+06,2.920956667212251667e-01,-2.618191692541229076e-01,2.141816998678836725e+01
3.334361552022575634e+05,4.979665021985108964e+06,2.920956667212251667e-01,-2.618191692541229076e-01,2.141816998678836725e+01
3.334360833396870876e+05,4.979664990508447401e+06,2.921016997461315934e-01,-2.620131359731203702e-01,2.142482264352132404e+01
3.334360041675751563e+05,4.979664981454584748e+06,2.923761083851740827e-01,-2.615873095337519771e-01,2.142086310914791980e+01
3.334359965686674695e+05,4.979664992768726312e+06,2.923761083851740827e-01,-2.615873095337519771e-01,2.142086310914791980e+01
3.334360129239503876e+05,4.979665014575083740e+06,2.923761083851740827e-01,-2.615873095337519771e-01,2.142086310914791980e+01
3.334360368781407014e+05,4.979665025067306124e+06,2.921723816924165495e-01,-2.617935504292689952e-01,2.142015777098746554e+01
3.334360777663470944e+05,4.979665079583203420e+06,2.920113691134433864e-01,-2.618474234228042041e-01,2.141598980442250877e+01
3.334360865227219765e+05,4.979665112703703344e+06,2.920565355267155661e-01,-2.619621566192198991e-01,2.142146315437937432e+01
3.334360792131812195e+05,4.979665135126501322e+06,2.920144090613964183e-01,-2.619257346409079035e-01,2.141869845836836461e+01
3.334360637259995565e+05,4.979665146646121517e+06,2.920057436930902917e-01,-2.619177872717715627e-01,2.141811465111186763e+01
3.334360558377252892e+05,4.979665146851601079e+06,2.920057436930902917e-01,-2.619177872717715627e-01,2.141811465111186763e+01
3.334360482388177770e+05,4.979665158165740781e+06,2.920057436930902917e-01,-2.619177872717715627e-01,2.141811465111186763e+01
3.334360263101964956e+05,4.979665225434138440e+06,2.919053018338774730e-01,-2.620408848692931114e-01,2.141848484904483385e+01
3.334359818742214120e+05,4.979665337753613479e+06,2.921496329370216194e-01,-2.630143974745139390e-01,2.145981304067203155e+01
3.334359157989962841e+05,4.979665528450147249e+06,2.920152723438749209e-01,-2.631401754073750543e-01,2.145903597547514607e+01
3.334357307455855189e+05,4.979666000150856562e+06,2.933303217150713404e-01,-2.642236459419109451e-01,2.154346463063863482e+01
3.334356266758495476e+05,4.979666247418093495e+06,2.928815736028559935e-01,-2.639533423298475734e-01,2.151796530398977225e+01
3.334355299156591063e+05,4.979666472262533382e+06,2.933580430775284964e-01,-2.650438603297306517e-01,2.157171366229595577e+01
3.334354179576674942e+05,4.979666719735254534e+06,2.930359171248045347e-01,-2.642059216098749941e-01,2.153203463323978539e+01
3.334353071571583860e+05,4.979667011642616242e+06,2.935124296251405696e-01,-2.649252357905518829e-01,2.157345175851110497e+01
3.334352048236692208e+05,4.979667325561820529e+06,2.943969756231381574e-01,-2.644177468833470712e-01,2.158919592843812651e+01
3.334351433783909306e+05,4.979667693996917456e+06,2.946125089137024422e-01,-2.645952111920950034e-01,2.160301266010641541e+01
3.334350763598014601e+05,4.979668151506775990e+06,2.965030872815351271e-01,-2.636994584368785310e-01,2.164325563239906458e+01
3.334349476819089614e+05,4.979668666203784756e+06,2.970653343073862418e-01,-2.627806033494886062e-01,2.163389474639455656e+01
3.334345807585427538e+05,4.979669731800533831e+06,2.961623180279602252e-01,-2.591678355146346258e-01,2.148202273222077352e+01
3.334343734874210786e+05,4.979670259661034681e+06,2.969892717726740350e-01,-2.542861480545184349e-01,2.135442256840943642e+01
3.334341670844485052e+05,4.979670820847522467e+06,2.955996749024520365e-01,-2.488347390682433269e-01,2.112607623626356812e+01
3.334339936814376269e+05,4.979671436755386181e+06,2.965005667361352848e-01,-2.433090195609866613e-01,2.098439846222099092e+01
3.334338456794899539e+05,4.979672118698768318e+06,2.982612659315919679e-01,-2.365512321441872734e-01,2.084076300208332455e+01
3.334336439065836603e+05,4.979672857623832300e+06,3.002546495854744313e-01,-2.249129109656491932e-01,2.056365659345076580e+01
3.334333866265102988e+05,4.979673586878630333e+06,3.028362139885846793e-01,-2.154331150006429385e-01,2.038741236981210392e+01
3.334330983721949160e+05,4.979674339172694832e+06,3.060151503994608113e-01,-2.048165439513690567e-01,2.021534087139649927e+01
3.334328095392065006e+05,4.979675069249456748e+06,3.107625181023098149e-01,-1.969059760299904371e-01,2.019821874228073355e+01
3.334321597216027440e+05,4.979676486817749217e+06,3.195410896066775974e-01,-1.855046196395013225e-01,2.027846786146063707e+01
3.334317192756509176e+05,4.979677154146824963e+06,3.217936535007821508e-01,-1.841623416745378217e-01,2.034303361708392188e+01
3.334311371305125067e+05,4.979677836283343844e+06,3.246618898456907210e-01,-1.826315617225989785e-01,2.043059060311093234e+01
3.334305397877403302e+05,4.979678541048215702e+06,3.274884634160468155e-01,-1.823076124119624164e-01,2.054664954774762009e+01
3.334299187803316163e+05,4.979679246429610066e+06,3.303528865674699722e-01,-1.813465687632355439e-01,2.064916300096841084e+01
3.334292817071700701e+05,4.979679941113386303e+06,3.337856089530033543e-01,-1.822687022789355182e-01,2.082224521704786824e+01
3.334286525224047946e+05,4.979680635591740720e+06,3.363997013159376048e-01,-1.826816117797454286e-01,2.094694320541896815e+01
3.334280157389062224e+05,4.979681341384312138e+06,3.388069209435607965e-01,-1.827495498066230850e-01,2.105427702104926269e+01
3.334273307578777312e+05,4.979682015083917417e+06,3.410127429921869235e-01,-1.840476125409904462e-01,2.118179716381928657e+01
3.334256897018196760e+05,4.979683258383524604e+06,3.400011213634403506e-01,-1.898151727632701735e-01,2.127582375742298382e+01
3.334247970222120639e+05,4.979683837448301725e+06,3.386815125682542393e-01,-1.944051337851638306e-01,2.133117182048802007e+01
3.334239204086548416e+05,4.979684427210878581e+06,3.347010899120587135e-01,-1.994782210788686172e-01,2.128768979406083162e+01
3.334230277293653926e+05,4.979685006275909953e+06,3.313992014942251929e-01,-2.035253441026725341e-01,2.125136475797307511e+01
3.334220222995963995e+05,4.979685499348762445e+06,3.279791622597815759e-01,-2.099504178099778073e-01,2.127703406953739318e+01
3.334209193170379149e+05,4.979685883801165037e+06,3.230334470401795555e-01,-2.181809536934118388e-01,2.129644248445177013e+01
3.334197675581254298e+05,4.979686213943466544e+06,3.165131226480275006e-01,-2.275395004468015736e-01,2.129652188704658045e+01
3.334185676016340149e+05,4.979686511993009597e+06,3.132378685852318378e-01,-2.371834510743916491e-01,2.145008722976033155e+01
3.334173431122949114e+05,4.979686777333311737e+06,3.118749442042202946e-01,-2.470687457771565954e-01,2.169664809146911466e+01
3.334149671539545525e+05,4.979687383925688453e+06,3.035155599302043483e-01,-2.602457262442384178e-01,2.179211670322361982e+01
3.334138235732234316e+05,4.979687724972228520e+06,2.981295098577035341e-01,-2.646911435937971957e-01,2.173598672371014118e+01
3.334126600901893107e+05,4.979688211048084311e+06,2.923174012822755130e-01,-2.687864686794702029e-01,2.165847679813130355e+01
3.334115000802636496e+05,4.979688830428077839e+06,2.863114440204768130e-01,-2.715651218155024083e-01,2.153498978128726549e+01
3.334103640247053700e+05,4.979689460300409235e+06,2.798729220198135081e-01,-2.706808985584506222e-01,2.127367962534944823e+01
3.334092586540951161e+05,4.979690056024914607e+06,2.770224575242272724e-01,-2.688185514972525336e-01,2.110716028906128727e+01
3.334081702178428532e+05,4.979690695773227140e+06,2.740432297473426870e-01,-2.665137501117396113e-01,2.092028482090489661e+01
3.334071159395509167e+05,4.979691434677605517e+06,2.707902190790077435e-01,-2.642296659228122180e-01,2.072386737879871532e+01
3.334061113063219236e+05,4.979692261218341067e+06,2.677416498405481571e-01,-2.616289143617268609e-01,2.052321012333057126e+01
3.334051884499910520e+05,4.979693196790652350e+06,2.655309347302217127e-01,-2.593673965717298580e-01,2.036415827169934545e+01
3.334043552588144084e+05,4.979694241188987158e+06,2.641277770654632540e-01,-2.584460764577057867e-01,2.028115453335319884e+01
3.334036111539447447e+05,4.979695372195990756e+06,2.629880673384575318e-01,-2.586592687284556824e-01,2.024765950307985563e+01
3.334029640236068517e+05,4.979696589606109075e+06,2.622984678119062441e-01,-2.590916971237871569e-01,2.023819890400019972e+01
3.334024138677771552e+05,4.979697893419316038e+06,2.623910476318902507e-01,-2.594649577396292983e-01,2.025475274669999948e+01
3.334019603969947202e+05,4.979699272526919842e+06,2.623894443829972722e-01,-2.590259343196460451e-01,2.023913338036095766e+01
3.334015548346790019e+05,4.979700672618744895e+06,2.636655354241435600e-01,-2.525268493487855537e-01,2.005653658869008638e+01
3.334011740949761588e+05,4.979702116528671235e+06,2.686451806714202362e-01,-2.375235591566834670e-01,1.972738868841316418e+01
3.334008094213570002e+05,4.979703571136238985e+06,2.794796772840141275e-01,-2.160664067078788553e-01,1.945634581614599057e+01
3.334004441690635867e+05,4.979705003526513465e+06,2.939215673268055218e-01,-1.952988840862466269e-01,1.943744108688324701e+01
3.333996237108145724e+05,4.979707748372673057e+06,3.203632005232086577e-01,-1.631402390640208089e-01,1.977400997735609067e+01
3.333991372414272046e+05,4.979709072759335861e+06,3.318985533672079158e-01,-1.540152600071518496e-01,2.009719587548818609e+01
3.333985160936537432e+05,4.979710378422690555e+06,3.399158130851950843e-01,-1.486914026121437804e-01,2.035559316350993342e+01
3.333978306826562621e+05,4.979711641295699403e+06,3.428719515532752671e-01,-1.439467800260768870e-01,2.039828916075743237e+01
3.333971204495395068e+05,4.979712860350739211e+06,3.409886190996105348e-01,-1.432717868955643847e-01,2.029766477711078920e+01
3.333962983344924869e+05,4.979714026739988476e+06,3.382651280344888822e-01,-1.459318219081080226e-01,2.022385442499003361e+01
3.333953640481095063e+05,4.979715129354835488e+06,3.318250679984069973e-01,-1.501417995440137154e-01,2.001223461528005032e+01
3.333943257680719253e+05,4.979716179098452441e+06,3.237788289185943302e-01,-1.548719756059402930e-01,1.974368811984239969e+01
3.333931811788320774e+05,4.979717087101609446e+06,3.158962082034660335e-01,-1.616296411061621530e-01,1.953694501308729414e+01
3.333906317634549923e+05,4.979718609751933254e+06,3.017702637028123469e-01,-1.740966222570332345e-01,1.920777690413811811e+01
3.333892596479007043e+05,4.979719268011685461e+06,2.924918243094698500e-01,-1.819404428507064575e-01,1.900686274571428669e+01
3.333878387560907286e+05,4.979719871961683035e+06,2.792254167977972212e-01,-1.893043050709488084e-01,1.864166511898960721e+01
3.333863775551240542e+05,4.979720443613738753e+06,2.661364806974588215e-01,-1.962797540334994817e-01,1.829841649054732144e+01
3.333849236636901041e+05,4.979720992843268439e+06,2.535436360919159915e-01,-2.046175478620021193e-01,1.804617201545326566e+01
3.333834861278314493e+05,4.979721563879364170e+06,2.399549857048585422e-01,-2.125120373152201980e-01,1.777223614921499362e+01
3.333820965003822348e+05,4.979722155899819918e+06,2.264559656517708131e-01,-2.178268071003434114e-01,1.744348070049760224e+01
3.333807471826078254e+05,4.979722780218818225e+06,2.179304482339357307e-01,-2.200319026623915597e-01,1.720721533139829162e+01
3.333794475100758718e+05,4.979723492174081504e+06,2.113492402321784924e-01,-2.195948057188267244e-01,1.695013261621549105e+01
3.333771390885363799e+05,4.979725175293315202e+06,1.950773087720046872e-01,-2.231759589548505396e-01,1.651068571338505109e+01
3.333761388067106018e+05,4.979726168468944728e+06,1.887506611445294302e-01,-2.251370350260065434e-01,1.637234436393509185e+01
3.333752378152462770e+05,4.979727336916626431e+06,1.857715938956024659e-01,-2.296488959942686314e-01,1.645611826919864740e+01
3.333744478378538042e+05,4.979728524703956209e+06,1.855658111888632555e-01,-2.352540762349963066e-01,1.667988216972091919e+01
3.333738334274585941e+05,4.979729785729724914e+06,1.857592908482494642e-01,-2.412997783499328530e-01,1.693651248847811175e+01
3.333733636101677548e+05,4.979731143033436500e+06,1.862236678364118103e-01,-2.463950091220086236e-01,1.716342469440541407e+01
3.333729904777936172e+05,4.979732575631096959e+06,1.867397067872305083e-01,-2.517540232950875589e-01,1.740367480763113406e+01
3.333727207605476724e+05,4.979734038882486522e+06,1.855609936665646442e-01,-2.537799527379340225e-01,1.745230073856818720e+01
3.333724910633657128e+05,4.979735523323412053e+06,1.849817889503231338e-01,-2.505090399990876904e-01,1.729684696448960679e+01
3.333720074258739478e+05,4.979738470604666509e+06,1.848459676974033294e-01,-2.330153494876867626e-01,1.656401980922129624e+01
3.333717765711544198e+05,4.979739910610991530e+06,1.867178912694461568e-01,-2.256692121991880629e-01,1.632528563544542521e+01
3.333715290717414464e+05,4.979741317702472210e+06,1.914639664173891642e-01,-2.255858265241860727e-01,1.648264921271038475e+01
3.333712015327080153e+05,4.979742682414949872e+06,1.997329440935608214e-01,-2.296141594880007075e-01,1.692650611309943542e+01
3.333707305591756012e+05,4.979743995284277014e+06,2.142257274106093290e-01,-2.318202463262437618e-01,1.751816664633793152e+01
3.333701403947268846e+05,4.979745277911118232e+06,2.282306633760670667e-01,-2.344444791665590833e-01,1.811759091873917527e+01
3.333694544144601678e+05,4.979746518570153974e+06,2.426580770675831333e-01,-2.385110366211632693e-01,1.879090168795565674e+01
3.333686805065887165e+05,4.979747717055850662e+06,2.522555900753279401e-01,-2.461884509303987056e-01,1.941649768888592931e+01
3.333677789407838136e+05,4.979748863287411630e+06,2.606642470996080041e-01,-2.565743131797476040e-01,2.009021161117498622e+01
3.333656513089474174e+05,4.979750819605228491e+06,2.745887992269109290e-01,-2.815573547914469454e-01,2.146899913770011992e+01
3.333644573745673988e+05,4.979751651086629368e+06,2.783047473294321117e-01,-2.927125444655935826e-01,2.199371875729978498e+01
3.333631577097830595e+05,4.979752363045433536e+06,2.830882854876740073e-01,-3.012891277133256107e-01,2.246106273202506998e+01
3.333617683803908294e+05,4.979752966179216281e+06,2.880269534310344048e-01,-3.064624562225460869e-01,2.281014060295932921e+01
3.333603299852046184e+05,4.979753503894798458e+06,2.919820521407884284e-01,-3.072080251331854583e-01,2.296859745377219042e+01
3.333588910112284357e+05,4.979754019393389113e+06,2.933020147581179571e-01,-3.053727995591534738e-01,2.294843372494273481e+01
3.333574835901365150e+05,4.979754534069991671e+06,2.953840389350693152e-01,-3.033862265833704441e-01,2.294936971080655752e+01
3.333561158996014856e+05,4.979755058827663772e+06,2.933122485023302861e-01,-3.020725479775753231e-01,2.283334098370244547e+01
3.333547800514562987e+05,4.979755593871964142e+06,2.892532973077149294e-01,-3.035262161988149798e-01,2.274732468825949283e+01
3.333523542653836776e+05,4.979757013270985335e+06,2.769959052029800639e-01,-3.178379730458118502e-01,2.286035439831381311e+01
3.333512981963757193e+05,4.979757985672556795e+06,2.720290664339852227e-01,-3.255201981165101732e-01,2.298766251628691037e+01
3.333503464109336492e+05,4.979759022053624503e+06,2.672936489802399951e-01,-3.321365014303108154e-01,2.309019263624360363e+01
3.333494752445605700e+05,4.979760123030913062e+06,2.637700867068441535e-01,-3.356180606402861533e-01,2.311596318436775022e+01
3.333487171184614999e+05,4.979761321108008735e+06,2.612763448581811310e-01,-3.370025539088062350e-01,2.309448501084893124e+01
3.333481433155542472e+05,4.979762625543210655e+06,2.627184463504571577e-01,-3.384397158311532317e-01,2.319231821421312389e+01
3.333477462371365400e+05,4.979764047650718130e+06,2.666969017385488749e-01,-3.409018958649134845e-01,2.340438252297269273e+01
3.333474779751413153e+05,4.979765566446728073e+06,2.690878084254462177e-01,-3.421839446386541472e-01,2.352415687395265564e+01
3.333472894634059048e+05,4.979767116512815468e+06,2.684943085553440079e-01,-3.422729079991145840e-01,2.350986740315365253e+01
3.333469209075064864e+05,4.979770238656750880e+06,2.575856998520604235e-01,-3.393427393222885335e-01,2.307559182634974349e+01
3.333467478828909807e+05,4.979771777203022502e+06,2.465205068125628507e-01,-3.393376718486378896e-01,2.275469035872753665e+01
3.333465897660786286e+05,4.979773282012133859e+06,2.357776039106141697e-01,-3.416368658417121562e-01,2.254326798070984594e+01
3.333463919191260356e+05,4.979774776740564033e+06,2.252683406383801656e-01,-3.443927139333088361e-01,2.236835174196313147e+01
3.333461543420592789e+05,4.979776261388313957e+06,2.230873812081959617e-01,-3.447074170194862064e-01,2.232298293140529921e+01
3.333457102258638479e+05,4.979777695838237181e+06,2.234478508024400345e-01,-3.445976549270650668e-01,2.232807512785137050e+01
3.333450432153193979e+05,4.979779058284249157e+06,2.254416522839925996e-01,-3.402023072876613208e-01,2.220133036294150486e+01
3.333442795207001036e+05,4.979780345436871052e+06,2.249638162221917481e-01,-3.330745610959082170e-01,2.189665327092513181e+01
3.333433241948897485e+05,4.979781548654653132e+06,2.212795519812240375e-01,-3.246866317924701484e-01,2.145085130048000011e+01
3.333409213657705695e+05,4.979783545503188856e+06,2.179647016143696492e-01,-3.198343113659796177e-01,2.115860045954186575e+01
3.333395448556150077e+05,4.979784337283701636e+06,2.154462131199691155e-01,-3.225485815118321331e-01,2.120051865139381064e+01
3.333381187006324762e+05,4.979785041428854689e+06,2.179134339787591468e-01,-3.252672305533759189e-01,2.138115436504470068e+01
3.333366513680064818e+05,4.979785679950398393e+06,2.265302614820379756e-01,-3.241850367465023419e-01,2.157827387253249540e+01
3.333351676802982111e+05,4.979786296666179784e+06,2.349887927606022497e-01,-3.225064450792641257e-01,2.175380432136213571e+01
3.333336766838462790e+05,4.979786935805248097e+06,2.407552210826326700e-01,-3.199765218216837903e-01,2.182288365764732774e+01
3.333322259969868464e+05,4.979787607242594473e+06,2.410518291930888457e-01,-3.188573035797995781e-01,2.178757109087028709e+01
3.333308302377394866e+05,4.979788266132324003e+06,2.350630160086560061e-01,-3.195841689226191495e-01,2.163933652051901291e+01
3.333294677686481155e+05,4.979788990851872601e+06,2.307885536879991095e-01,-3.244057733336376259e-01,2.170867251238297868e+01
3.333270258653011988e+05,4.979790699703092687e+06,2.308634726804403847e-01,-3.411540080998537450e-01,2.238809405550463794e+01
3.333259622073234059e+05,4.979791683423419483e+06,2.337442412422043037e-01,-3.474742263777982898e-01,2.272284532761053555e+01
3.333250361225798842e+05,4.979792796952313744e+06,2.364485082639903868e-01,-3.523151328244192304e-01,2.299170466304730098e+01
3.333242554991825018e+05,4.979794040084094740e+06,2.380548379015346716e-01,-3.524786586258822352e-01,2.304183022195735830e+01
3.333235958040287369e+05,4.979795380109593272e+06,2.392649394152517039e-01,-3.465635838858877049e-01,2.283762464806218873e+01
3.333230956089319661e+05,4.979796782674668357e+06,2.429676873819800464e-01,-3.407503697274103516e-01,2.270941856222389887e+01
3.333228031112166354e+05,4.979798279871522449e+06,2.491231979547076369e-01,-3.359918128769289747e-01,2.269827436178903568e+01
3.333226780014698743e+05,4.979799839402260259e+06,2.526148425199351011e-01,-3.355972050802248363e-01,2.278470989832698734e+01
3.333225932010919787e+05,4.979801431230869144e+06,2.516085526009196882e-01,-3.400455683832161458e-01,2.292887061808733051e+01
3.333224390871907817e+05,4.979804603368192911e+06,2.437392305771552137e-01,-3.631893290134162178e-01,2.362437830971965269e+01
3.333223610168236773e+05,4.979806150556546636e+06,2.408223263154332661e-01,-3.802392115547008622e-01,2.423183456147551951e+01
3.333222832361009205e+05,4.979807708853568882e+06,2.401065046488168875e-01,-3.966710043883261427e-01,2.487620545083922607e+01
3.333222121852352284e+05,4.979809222510323860e+06,2.425940761654390154e-01,-4.106712695818684478e-01,2.549985901602574501e+01
3.333221563314719824e+05,4.979810713538508862e+06,2.488187751975305395e-01,-4.166551472821222180e-01,2.588711771712868170e+01
3.333219342485780362e+05,4.979812186667505652e+06,2.581449967424122582e-01,-4.172369897818390960e-01,2.613431899995062224e+01
3.333215912381786620e+05,4.979813562902947888e+06,2.671565349648719057e-01,-4.137815511606706131e-01,2.622172248840492870e+01
3.333211527020905633e+05,4.979814908279944211e+06,2.748205608794089816e-01,-4.100961624696017327e-01,2.627394430151269233e+01
3.333204763651346439e+05,4.979816215391146950e+06,2.815358443570012970e-01,-4.087800438364415645e-01,2.639751416620233471e+01
3.333186273909988813e+05,4.979818564646264538e+06,2.886840598758705356e-01,-4.084511020815002058e-01,2.657287770699834795e+01
3.333175421020459617e+05,4.979819626745708287e+06,2.882020148695642048e-01,-4.071296966250688154e-01,2.651064405463927898e+01
3.333163911024676636e+05,4.979820590512447990e+06,2.881952404246913568e-01,-4.059106211819454302e-01,2.646481778401978957e+01
3.333151591952466406e+05,4.979821478575112298e+06,2.895606606486788026e-01,-4.045253830671950435e-01,2.644941778388584552e+01
3.333137902949969284e+05,4.979822259047210217e+06,2.886728178026354841e-01,-4.031931879029189703e-01,2.637588248894333276e+01
3.333123469271686627e+05,4.979822908066403121e+06,2.854051002239109680e-01,-4.061919969127520402e-01,2.640142461299685550e+01
3.333108948027420556e+05,4.979823523965584114e+06,2.799756213088774315e-01,-4.073870700478209317e-01,2.630402942768133201e+01
3.333094508562656119e+05,4.979824150768122636e+06,2.745969383952416853e-01,-4.080718563257344500e-01,2.619072095439104686e+01
3.333080150877449196e+05,4.979824788474014029e+06,2.742422970165778184e-01,-4.104859651876979765e-01,2.627405450851645696e+01
3.333052819930147380e+05,4.979826227020730264e+06,2.759254198471163266e-01,-4.165081764968491251e-01,2.654734401011324607e+01
3.333040258449094836e+05,4.979827093485227786e+06,2.721463290344454666e-01,-4.177510044651683296e-01,2.649981160792621537e+01
3.333028587828995660e+05,4.979828046557135880e+06,2.633517586698450597e-01,-4.114673621477306087e-01,2.603680109749916838e+01
3.333018216954544187e+05,4.979829140751461498e+06,2.532974306243176432e-01,-4.033114499442088663e-01,2.546640216324131245e+01
3.333009221810431918e+05,4.979830364753827453e+06,2.448537748026278771e-01,-3.975213531181392423e-01,2.502691288759962873e+01
3.333001354169587139e+05,4.979831674746487290e+06,2.399321972380503709e-01,-3.940476093840360461e-01,2.476609247436658379e+01
3.332995177781477105e+05,4.979833113724472001e+06,2.389601329469209778e-01,-3.953071726659038720e-01,2.479314012264240219e+01
3.332990996583403321e+05,4.979834636430461891e+06,2.425566990894273411e-01,-3.979986151156018614e-01,2.498959211852868734e+01
3.332988091959464946e+05,4.979836211389322765e+06,2.453193795319902060e-01,-3.998226154157738521e-01,2.513051841368719863e+01
3.332984289487325586e+05,4.979839489469670691e+06,2.455810625560059801e-01,-4.069957997943144390e-01,2.542398027344142974e+01
3.332982822096594027e+05,4.979841127378757112e+06,2.456539101166215489e-01,-4.088813564972467729e-01,2.550118153493465201e+01
3.332981112272700993e+05,4.979842743687494658e+06,2.443734744366499734e-01,-4.130158678156649055e-01,2.563617875478765384e+01
3.332979238896374591e+05,4.979844338190231472e+06,2.442452971894032432e-01,-4.130885832044328132e-01,2.563605457316795722e+01
3.332977283744498855e+05,4.979845921789973043e+06,2.457575720994651658e-01,-4.093843115946895761e-01,2.552379374212620533e+01
3.332974057816563291e+05,4.979847475354247727e+06,2.469264431914538760e-01,-4.015377535228794037e-01,2.523855720208792164e+01
3.332968535666668322e+05,4.979849001556622796e+06,2.453579761112677782e-01,-3.894108738883801379e-01,2.471483197996586867e+01
3.332961097217506031e+05,4.979850443825556897e+06,2.404166305711676332e-01,-3.770775750963893391e-01,2.409418347645758729e+01
3.332951669382082764e+05,4.979851824584105052e+06,2.328915459611374250e-01,-3.675572881723209173e-01,2.351523209539145043e+01
3.332928622154264012e+05,4.979854252427559346e+06,2.244206035973002888e-01,-3.669230499803972090e-01,2.327316527543110425e+01
3.332915402956998441e+05,4.979855320701624267e+06,2.193841323911829566e-01,-3.717254401499516803e-01,2.334674211945724309e+01
3.332901284219255904e+05,4.979856269043012522e+06,2.133267160799331985e-01,-3.704266797220484575e-01,2.314489257641116993e+01
3.332886189956553280e+05,4.979857108766112477e+06,2.097322180758645627e-01,-3.628526967011687088e-01,2.273884106618842083e+01
3.332870762797469506e+05,4.979857882660285570e+06,2.080365118177578965e-01,-3.516284856835675821e-01,2.222299145310403290e+01
3.332855665645901463e+05,4.979858711275465786e+06,2.066439034072355130e-01,-3.410644497000095421e-01,2.174119751435508618e+01
3.332840810932287714e+05,4.979859561491317116e+06,2.070685157335646620e-01,-3.340823610686472489e-01,2.145731399745969625e+01
3.332826198656699271e+05,4.979860433307825588e+06,2.076419311613061924e-01,-3.306683067125560926e-01,2.132850946769043432e+01
3.332812240600279765e+05,4.979861392348562367e+06,2.011529546737713947e-01,-3.238522606525486847e-01,2.086877277331833369e+01
3.332787505110373022e+05,4.979863702321297489e+06,1.817051589644480825e-01,-2.992111735791553873e-01,1.929326093399079767e+01
3.332777189372992143e+05,4.979865007584437728e+06,1.759237823592209315e-01,-2.851767389485900250e-01,1.852468946173753039e+01
3.332768798630213132e+05,4.979866430106658489e+06,1.756835334587412145e-01,-2.758183412040874360e-01,1.810865181915400512e+01
3.332762487745271064e+05,4.979867958367853425e+06,1.790315275960167596e-01,-2.705672046040916712e-01,1.797494365182417297e+01
3.332757941195993917e+05,4.979869593190695159e+06,1.807851239125465026e-01,-2.695235388560662804e-01,1.798031922570832819e+01
3.332754510559461196e+05,4.979871269568643533e+06,1.812683609148200981e-01,-2.713385117780059419e-01,1.807238659006843662e+01
3.332751480119519401e+05,4.979872967135518789e+06,1.800791688178303707e-01,-2.772020654310557997e-01,1.829178684216629591e+01
3.332748846979237278e+05,4.979874674782652408e+06,1.761965183812082003e-01,-2.876622974343600592e-01,1.864104425958255362e+01
3.332746602448328631e+05,4.979876359184050933e+06,1.705815175433458564e-01,-2.966569673437013388e-01,1.889113916346958888e+01
3.332742025820912095e+05,4.979879694866589271e+06,1.601927343009530158e-01,-3.054366617264935857e-01,1.902911038666331578e+01
3.332738980906581273e+05,4.979881336890248582e+06,1.591194119534989349e-01,-3.076138603404897642e-01,1.910256391975544332e+01
3.332734738309067907e+05,4.979882926455928944e+06,1.607684895321110086e-01,-3.109836892408402997e-01,1.929422839336569595e+01
3.332729452892592526e+05,4.979884452043611556e+06,1.624489921624734934e-01,-3.149141554315016966e-01,1.951154283366536291e+01
3.332723051571049145e+05,4.979885936076343060e+06,1.626271496444232634e-01,-3.157833702818514943e-01,1.955501589497031745e+01
3.332715058167993557e+05,4.979887368679633364e+06,1.637150442036778841e-01,-3.133416851172430295e-01,1.947018540222658345e+01
3.332705463994005695e+05,4.979888716527554207e+06,1.651329857415828051e-01,-3.083391327512852720e-01,1.927851499057754836e+01
3.332694496999400435e+05,4.979889945677111857e+06,1.669333198815141361e-01,-3.001797826188108975e-01,1.895628249914990349e+01
3.332682075407467782e+05,4.979891045225410722e+06,1.671760374265887639e-01,-2.896805415618754487e-01,1.849296176962098670e+01
3.332655027159112506e+05,4.979892961051359773e+06,1.574489383819182575e-01,-2.540992195531543985e-01,1.664275769601066912e+01
3.332641200889264001e+05,4.979893819706761278e+06,1.474836064210864606e-01,-2.359163560232949153e-01,1.554778108831633610e+01
3.332627535279878648e+05,4.979894689059734344e+06,1.369988252557896025e-01,-2.207730283577153396e-01,1.456486292200398580e+01
3.332613869674142916e+05,4.979895558413007297e+06,1.289690595101294635e-01,-2.081510259207593472e-01,1.375911386641997147e+01
3.332600849596301559e+05,4.979896481664265506e+06,1.228763482883543784e-01,-2.001932288179950892e-01,1.321888045855979854e+01
3.332589182068893570e+05,4.979897445853449404e+06,1.210216019776204077e-01,-2.005095139165203322e-01,1.318118144714717666e+01
3.332578466898020706e+05,4.979898429791696370e+06,1.261752105516495692e-01,-2.086192416789238724e-01,1.370183499564466523e+01
3.332568166408982943e+05,4.979899490462230518e+06,1.365516406969959906e-01,-2.273065693017839173e-01,1.485127717012350068e+01
3.332559060709903133e+05,4.979900592481947504e+06,1.497517886452197911e-01,-2.528525462771647470e-01,1.637651875264059953e+01
3.332543884417950176e+05,4.979902933117371053e+06,1.788452518753685383e-01,-3.073460625902262877e-01,1.957509084423964651e+01
3.332537813824368641e+05,4.979904171733006835e+06,1.930490728769311548e-01,-3.262989937791294648e-01,2.076318257142149548e+01
3.332532543619916542e+05,4.979905452726228163e+06,2.066454279916922765e-01,-3.407138277422544492e-01,2.172641297489155221e+01
3.332527994924429804e+05,4.979906776302729733e+06,2.152142349643036134e-01,-3.491788589006533661e-01,2.230218326714004817e+01
3.332524801673088223e+05,4.979908151925445534e+06,2.218932089415171505e-01,-3.550145192881082878e-01,2.271686090531717639e+01
3.332523197607412003e+05,4.979909567868546583e+06,2.270242895474197387e-01,-3.603988647959979752e-01,2.307123634344227270e+01
3.332522861413161736e+05,4.979911002737548202e+06,2.312485737779711725e-01,-3.648894781267226217e-01,2.336413401832287207e+01
3.332523164948578924e+05,4.979912469286828302e+06,2.356822260259229251e-01,-3.667153265776429971e-01,2.355334984760445494e+01
3.332523792694307631e+05,4.979913968339242041e+06,2.394954589657840027e-01,-3.646391984590745539e-01,2.356955417041768897e+01
3.332524645095975138e+05,4.979916934146664105e+06,2.565141562154999444e-01,-3.527904072010838443e-01,2.356628589604682489e+01
3.332524948631771840e+05,4.979918400695953518e+06,2.630430220481957404e-01,-3.482531014940093428e-01,2.357793937965498188e+01
3.332524618233329384e+05,4.979919857782302424e+06,2.641639391114417590e-01,-3.499713617390167730e-01,2.367637093833894468e+01
3.332523250811588368e+05,4.979921273108290508e+06,2.649979555998142611e-01,-3.534446869603175001e-01,2.383366172970561081e+01
3.332521085903155035e+05,4.979922657165446319e+06,2.655856956754771847e-01,-3.568937265217295707e-01,2.398282368814941634e+01
3.332517346300836653e+05,4.979924056445589289e+06,2.645771276498272151e-01,-3.581689709355619922e-01,2.400308666840366811e+01
3.332512096399693401e+05,4.979925415199715644e+06,2.633874621799899285e-01,-3.568171545722329530e-01,2.391724237955169485e+01
3.332505339097675169e+05,4.979926744536526501e+06,2.628534084722567998e-01,-3.543462127798879813e-01,2.380683898348169336e+01
3.332496735700191930e+05,4.979927956409638748e+06,2.622324633724721354e-01,-3.536498843812393433e-01,2.376225944184298200e+01
3.332486367984438548e+05,4.979929061722068116e+06,2.605719775288480311e-01,-3.545236430883725864e-01,2.374866364521641060e+01
3.332474791004650760e+05,4.979930070142520592e+06,2.556142463812666743e-01,-3.561372858660809548e-01,2.367143105183014740e+01
3.332462083640330820e+05,4.979930981465335004e+06,2.464939728630003157e-01,-3.566437156153546284e-01,2.343849916433837777e+01
3.332448648980582948e+05,4.979931827987950295e+06,2.368868234591258171e-01,-3.547562739449598990e-01,2.310194883083214634e+01
3.332434814132293104e+05,4.979932653322161175e+06,2.277670263498437764e-01,-3.497915060576113899e-01,2.265619217683159903e+01
3.332420818631224101e+05,4.979933467959473841e+06,2.187384471069041270e-01,-3.434439090671070338e-01,2.215545234386737050e+01
3.332406980892606080e+05,4.979934282185642980e+06,2.059669748675732326e-01,-3.407205393808181437e-01,2.170931961011346800e+01
3.332393537554809591e+05,4.979935095383464359e+06,1.934141109489585231e-01,-3.424399279180204148e-01,2.146903508650011361e+01
3.332380424224995077e+05,4.979935963301967829e+06,1.786583089175628469e-01,-3.454180023941073596e-01,2.125036599974357188e+01
3.332368046890174155e+05,4.979936929347110912e+06,1.687270867827858067e-01,-3.516828971882907662e-01,2.130895144822962806e+01
3.332345987970262067e+05,4.979939210126057267e+06,1.520176161159289829e-01,-3.645512413334605073e-01,2.155288829027355035e+01
3.332336139934431994e+05,4.979940491945254616e+06,1.488545827788443354e-01,-3.648943787107858383e-01,2.150881988096976727e+01
3.332327664724352653e+05,4.979941892462341115e+06,1.494431687640192796e-01,-3.620007414997308826e-01,2.138703861310169785e+01
3.332320635424130596e+05,4.979943389254197478e+06,1.511285271294560140e-01,-3.547568407740031016e-01,2.108695535437836455e+01
3.332315057828100398e+05,4.979945004538103007e+06,1.530956932769878265e-01,-3.476594761586966342e-01,2.080055798298370817e+01
3.332310444172124844e+05,4.979946684005145915e+06,1.557132759708349801e-01,-3.429870237414802125e-01,2.064031495352994128e+01
3.332306382674101042e+05,4.979948362032035366e+06,1.590448693179256634e-01,-3.416266866939141056e-01,2.064812827182858967e+01
3.332302563611425576e+05,4.979950061659061350e+06,1.629806589092012981e-01,-3.408631270956971049e-01,2.069772791342177598e+01
3.332298978291429230e+05,4.979951749560223892e+06,1.680212315227231634e-01,-3.348440061772777199e-01,2.053772577103085339e+01
3.332295311196891125e+05,4.979953426558497362e+06,1.721311783651669758e-01,-3.221407769025786405e-01,2.006446230942155040e+01
3.332291325690153171e+05,4.979955093271111138e+06,1.749334910601305915e-01,-3.088076297448875129e-01,1.954048131072812566e+01
3.332286700459516142e+05,4.979956728303729557e+06,1.748042199972615618e-01,-2.965764544277635362e-01,1.899647417351771495e+01
3.332281280644536018e+05,4.979958343176523224e+06,1.700366470124846652e-01,-2.881856724940156655e-01,1.850072495376018011e+01
3.332274987366566784e+05,4.979959938095256686e+06,1.634826534342378179e-01,-2.858786598808364943e-01,1.822786748257258083e+01
3.332267020244343439e+05,4.979961470682782121e+06,1.571425058528226892e-01,-2.849332218379281856e-01,1.802453357533401856e+01
3.332256984883082332e+05,4.979962941967901774e+06,1.526274852706666629e-01,-2.836169037713052177e-01,1.785256411282141542e+01
3.332245576707840664e+05,4.979964294555648230e+06,1.506740143014485278e-01,-2.818510899344011111e-01,1.772376063297537030e+01
3.332232871700221440e+05,4.979965517131674103e+06,1.504806779341874012e-01,-2.788842199800899424e-01,1.758301689356324005e+01
3.332219042106596753e+05,4.979966664827868342e+06,1.494868275034740013e-01,-2.777348849710020717e-01,1.750575507506955120e+01
3.332190083198904758e+05,4.979968819100686349e+06,1.353234811147902006e-01,-2.784661427793557742e-01,1.720283536020222570e+01
3.332175441647602711e+05,4.979969879986128770e+06,1.312820155650446519e-01,-2.803498780525716105e-01,1.720073986994291459e+01
3.332161036738236435e+05,4.979970940254637972e+06,1.306694294626163655e-01,-2.821527522582533698e-01,1.727264249909451266e+01
3.332146865572899114e+05,4.979971988797535188e+06,1.331193102291954866e-01,-2.863050170993503007e-01,1.752295493815060112e+01
3.332133258156551747e+05,4.979973080335061066e+06,1.334133885121677465e-01,-2.898408979982457501e-01,1.769642195269112861e+01
3.332120532903067069e+05,4.979974225152784027e+06,1.318821513404201951e-01,-2.915157807505047161e-01,1.774258864718277096e+01
3.332108625422663172e+05,4.979975478999740444e+06,1.302933039619559030e-01,-2.929093685777706679e-01,1.777486855942461830e+01
3.332097696371366619e+05,4.979976852573010139e+06,1.304580320425105244e-01,-2.959861684184178499e-01,1.792437872681606947e+01
3.332087815934492392e+05,4.979978312340781093e+06,1.308537530872021792e-01,-2.994077568407730872e-01,1.809497361382244307e+01
3.332072538946549175e+05,4.979981475852837786e+06,1.360219902987884755e-01,-3.036723148767421776e-01,1.840457602707205353e+01
3.332067221272889292e+05,4.979983179391240701e+06,1.416554367931701641e-01,-3.033030703482361146e-01,1.850808166673147781e+01
3.332063259032965871e+05,4.979984934974869713e+06,1.475840263030682720e-01,-3.029739119519182511e-01,1.862421617168447341e+01
3.332061040824141819e+05,4.979986719357497059e+06,1.523112885673062467e-01,-3.017474244680365403e-01,1.867572766566145859e+01
3.332060020289144013e+05,4.979988556196848862e+06,1.555073798121763551e-01,-2.961117630233613407e-01,1.849312183048161984e+01
3.332058996857185266e+05,4.979990381927545182e+06,1.595985318410672593e-01,-2.859116538173076538e-01,1.813053334878641110e+01
3.332057736789872288e+05,4.979992208275573328e+06,1.628001395680453989e-01,-2.721875007044007311e-01,1.759690023404128567e+01
3.332056392048987327e+05,4.979994012612055056e+06,1.625273323528690084e-01,-2.601071534060110935e-01,1.705128675627341295e+01
3.332054883755836636e+05,4.979995795142768882e+06,1.596866784005219753e-01,-2.512563121012206246e-01,1.657864678062114905e+01
3.332049077439063112e+05,4.979999256319726817e+06,1.516493354223434620e-01,-2.348662262376454979e-01,1.561942448969765174e+01
3.332043675115355290e+05,4.980000937846872024e+06,1.447603117495875336e-01,-2.292761452598295613e-01,1.517104684594267994e+01
3.332036052600445691e+05,4.980002580701182596e+06,1.370534540125851186e-01,-2.268833061927154060e-01,1.484573004685449149e+01
3.332026423347492237e+05,4.980004095396087505e+06,1.301294821513856170e-01,-2.270962532948775647e-01,1.466741137151307761e+01
3.332015263526992057e+05,4.980005491805663332e+06,1.252674014955310056e-01,-2.290101747657899978e-01,1.462957483096428390e+01
3.332002982022614451e+05,4.980006824444403872e+06,1.229493302607508748e-01,-2.314266086340830975e-01,1.468465185587273325e+01
3.331989891450883588e+05,4.980008081380575895e+06,1.217828594722435154e-01,-2.322392266426334118e-01,1.469398880619653802e+01
3.331976076486568199e+05,4.980009284625775181e+06,1.219883376921841872e-01,-2.330588832687603695e-01,1.473801492648347988e+01
3.331962024891788606e+05,4.980010488488647155e+06,1.225891268522258659e-01,-2.337639885744246804e-01,1.478641483048392224e+01
3.331934614235705230e+05,4.980012827711261809e+06,1.212926330428747007e-01,-2.452549714493696964e-01,1.530213178298351195e+01
3.331921339848815696e+05,4.980013985082512721e+06,1.158840381952287307e-01,-2.526484051710092826e-01,1.553366595556754781e+01
3.331908629209253704e+05,4.980015185448154807e+06,1.090087565246479068e-01,-2.589042318817267874e-01,1.569095060460441893e+01
3.331896809424015810e+05,4.980016472419636324e+06,1.009447379827598940e-01,-2.629458531748358197e-01,1.573021690264104677e+01
3.331885886289690970e+05,4.980017868214240298e+06,9.545013415332358198e-02,-2.639582097649506576e-01,1.567869060637255529e+01
3.331876011766619049e+05,4.980019350202991627e+06,9.391971894273794252e-02,-2.630369904293745620e-01,1.560513236469842901e+01
3.331867580246712896e+05,4.980020917356847785e+06,9.684758854047344212e-02,-2.608982142213697730e-01,1.555154525486749151e+01
3.331861146776556270e+05,4.980022579343816265e+06,1.019219795806001472e-01,-2.557488904769766314e-01,1.539276175990835149e+01
3.331856316963012796e+05,4.980024337192838080e+06,1.086574240463652613e-01,-2.485242533825042233e-01,1.517573472508761157e+01
3.331848500530601013e+05,4.980027959244239144e+06,1.168501076933975702e-01,-2.337298712854037896e-01,1.464456882833671081e+01
3.331844950169130461e+05,4.980029780452546664e+06,1.167212913115720369e-01,-2.313288415417034116e-01,1.452632758381010980e+01
3.331841396911697229e+05,4.980031590552220121e+06,1.147192055821169981e-01,-2.310508985616742672e-01,1.446485157327138360e+01
3.331837758981612278e+05,4.980033378640394658e+06,1.104714156980511341e-01,-2.268728563346608107e-01,1.416233278124052752e+01
3.331833805540906033e+05,4.980035167551816441e+06,1.056583225623508038e-01,-2.183453248424109261e-01,1.363467677671270195e+01
3.331829451914796373e+05,4.980036935274960473e+06,1.009240606790042377e-01,-2.089849642721439971e-01,1.306581328605655123e+01
3.331824537448710762e+05,4.980038671112784185e+06,9.543103869341108825e-02,-2.022679099364537991e-01,1.260674836130906762e+01
3.331818670650452841e+05,4.980040387202993035e+06,9.102967360546652953e-02,-1.987835289417648754e-01,1.233280271438206199e+01
3.331811135820258642e+05,4.980042063180542551e+06,9.012470249447764037e-02,-1.978115248882202359e-01,1.226387802974120689e+01
3.331791424575874116e+05,4.980045171573559754e+06,9.758157802080147381e-02,-1.959022446314754584e-01,1.234512112619409763e+01
3.331779560776997823e+05,4.980046592057265341e+06,1.023264006718629521e-01,-1.966839842696330165e-01,1.250083240427930775e+01
3.331766648380004335e+05,4.980047926347442903e+06,1.064619409747486617e-01,-1.997098037294963435e-01,1.275203714645175879e+01
3.331753090471035102e+05,4.980049206741081551e+06,1.068140553965680889e-01,-2.011185300052119040e-01,1.282881211684408207e+01
3.331738811070589582e+05,4.980050444552706555e+06,1.004065589301961631e-01,-2.017445475709528091e-01,1.269943506032995550e+01
3.331724368122366723e+05,4.980051660558966920e+06,9.228109618825686145e-02,-1.995144411698421272e-01,1.239770293081622299e+01
3.331709758727675071e+05,4.980052843651214615e+06,8.692282495869101122e-02,-1.972031331461678028e-01,1.216181886369855292e+01
3.331695309993091505e+05,4.980054037440834567e+06,8.568130667517824539e-02,-1.955965149626892052e-01,1.205389411012107814e+01
3.331681340329350205e+05,4.980055252213189378e+06,8.501533308028978719e-02,-1.975420384204160107e-01,1.213712272488299604e+01
3.331655574204339646e+05,4.980057842831535265e+06,8.659128886342828957e-02,-2.001421358362077962e-01,1.230195036821281995e+01
3.331643865317145828e+05,4.980059251797604375e+06,8.500702529965532828e-02,-1.926044694195638840e-01,1.188883347079496033e+01
3.331633283916673390e+05,4.980060746751621366e+06,8.442553688697748693e-02,-1.808228783504594872e-01,1.128574388419077046e+01
3.331624306168999756e+05,4.980062337567212991e+06,8.843195180922168441e-02,-1.712221847404717112e-01,1.090776856785897131e+01
3.331617162909562467e+05,4.980064001409483142e+06,9.884275136047740440e-02,-1.691020112863839131e-01,1.108226793310855385e+01
3.331611065358365886e+05,4.980065740336690098e+06,1.091426818689990169e-01,-1.709098116760802977e-01,1.146335372092049454e+01
3.331605528652354842e+05,4.980067511149136350e+06,1.150751808322438563e-01,-1.770018825749344049e-01,1.192126628175847358e+01
3.331600944281569682e+05,4.980069301708973013e+06,1.164850586016456385e-01,-1.783716110277424882e-01,1.202639082304376927e+01
3.331597315144117456e+05,4.980071123124842532e+06,1.157648632841591085e-01,-1.731553091092266905e-01,1.176584880744625927e+01
3.331590857249788241e+05,4.980074808332989924e+06,1.114342749715233338e-01,-1.650096973320558658e-01,1.126103131562912729e+01
3.331587701386058470e+05,4.980076628513935953e+06,1.098356084625968787e-01,-1.616490790868354011e-01,1.105813953863453847e+01
3.331584460849055904e+05,4.980078426683410071e+06,1.124183936235773063e-01,-1.583155748866254542e-01,1.098834969453946186e+01
3.331580893207918853e+05,4.980080181241592392e+06,1.198211930759495447e-01,-1.609347397143763569e-01,1.134528303558349904e+01
3.331576449217862682e+05,4.980081904738011770e+06,1.261345207044251016e-01,-1.644284551774491399e-01,1.170800187577204099e+01
3.331570258326237090e+05,4.980083588328232057e+06,1.287462418691910915e-01,-1.651454919267767163e-01,1.182688485948708390e+01
3.331562232959868852e+05,4.980085198892153800e+06,1.281093721262465124e-01,-1.642389701305600747e-01,1.176613694844155056e+01
3.331552522178260842e+05,4.980086702692165039e+06,1.284350688311394206e-01,-1.676394750657032306e-01,1.192472076364152400e+01
3.331541201960677281e+05,4.980088088413838297e+06,1.326627900064503429e-01,-1.759438767412839499e-01,1.242673594426433681e+01
3.331515091531624785e+05,4.980090568775163032e+06,1.328642587155261789e-01,-1.842522447537427999e-01,1.279814057916693137e+01
3.331500862160229008e+05,4.980091695300027728e+06,1.280138418604050143e-01,-1.804802537235080384e-01,1.247683757448142750e+01
3.331486548118169885e+05,4.980092799813738093e+06,1.233398690915489815e-01,-1.767922419756992880e-01,1.216481217000914405e+01
3.331472149405331584e+05,4.980093882316301577e+06,1.165648632173532234e-01,-1.720367909076792878e-01,1.173942006515030556e+01
3.331457668920700671e+05,4.980094953916389495e+06,1.108146632580962326e-01,-1.693163791636360382e-01,1.143966706324155957e+01
3.331443664605135564e+05,4.980096035390365869e+06,1.080829201620531477e-01,-1.709734629068384304e-01,1.143503061395862730e+01
3.331430463565113023e+05,4.980097170349437743e+06,1.042910436855695733e-01,-1.715273909698708521e-01,1.135093077619245427e+01
3.331418390008077840e+05,4.980098391296129674e+06,1.035483277650631750e-01,-1.747526728472034441e-01,1.148212507081449552e+01
3.331407525710613700e+05,4.980099709133183584e+06,1.055082936093123536e-01,-1.780024820111280326e-01,1.169078990292039499e+01
3.331390146387462155e+05,4.980102678060059436e+06,1.144897625249642753e-01,-1.861469679257901633e-01,1.232746246996649653e+01
3.331384017050230177e+05,4.980104294794456102e+06,1.192404860126866500e-01,-1.917278356790287630e-01,1.272306431805022697e+01
3.331379170049532549e+05,4.980105985995797440e+06,1.219720285445888841e-01,-1.927657035624881776e-01,1.285006720081428533e+01
3.331375357155425008e+05,4.980107707846970297e+06,1.262265257371960325e-01,-1.951162556524116409e-01,1.308256349336909885e+01
3.331372341735083610e+05,4.980109460965543985e+06,1.288799559552256668e-01,-1.939985678365909461e-01,1.311083288939515157e+01
3.331369723602711456e+05,4.980111224163493142e+06,1.287750229050121098e-01,-1.923126435535417456e-01,1.303141601161257768e+01
3.331367260327507975e+05,4.980112975841065869e+06,1.263097634168231231e-01,-1.965706443729917652e-01,1.315144327135453395e+01
3.331364633500877535e+05,4.980114705713052303e+06,1.241169687077948169e-01,-2.013051419280545984e-01,1.330557192986844406e+01
3.331361846022196114e+05,4.980116424888118170e+06,1.244788364934036468e-01,-2.094044431320117583e-01,1.369107521229272173e+01
3.331355304248527391e+05,4.980119787948030978e+06,1.197807934885047748e-01,-2.216254321454801945e-01,1.413990285315217577e+01
3.331351076690674527e+05,4.980121433068085462e+06,1.171157231926434616e-01,-2.234801345198188238e-01,1.416065018215756943e+01
3.331345026261975290e+05,4.980123049597105943e+06,1.131952691112924486e-01,-2.302033761986718996e-01,1.438774001472188502e+01
3.331337062489159871e+05,4.980124593306356110e+06,1.084901186936977763e-01,-2.378633870169789832e-01,1.465128849103585651e+01
3.331327661535539664e+05,4.980126074069357477e+06,1.061589885519574755e-01,-2.461096599364457627e-01,1.500428127324112459e+01
3.331316972457908560e+05,4.980127458148435690e+06,1.036321427825921127e-01,-2.509642524710519740e-01,1.519067358202614670e+01
3.331305153010780341e+05,4.980128745131912641e+06,1.016094191818834314e-01,-2.520347499762465304e-01,1.520278513058553216e+01
3.331292127216532826e+05,4.980129946334390901e+06,1.002029585301218301e-01,-2.493653101719980336e-01,1.504251525056866967e+01
3.331278382835038938e+05,4.980131116064025089e+06,9.398032412294082816e-02,-2.403668007353150782e-01,1.447146032840386809e+01
3.331249924366388586e+05,4.980133369125436060e+06,8.252919189506165154e-02,-2.237831322077852292e-01,1.341531871214720439e+01
3.331235686440985883e+05,4.980134462330639362e+06,8.325233828579875484e-02,-2.130162207685594444e-01,1.288237980477325273e+01
3.331221688051093370e+05,4.980135566027193330e+06,8.477161006582560610e-02,-2.051023447081052886e-01,1.251288509142253602e+01
3.331208250503920717e+05,4.980136701608879492e+06,8.798773230621534380e-02,-2.045286763637552685e-01,1.255225987408119792e+01
3.331195771084059961e+05,4.980137879154901952e+06,8.992411687872577108e-02,-2.071860295660784002e-01,1.272723363185852463e+01
3.331184100736132823e+05,4.980139132402976044e+06,9.221318020508653679e-02,-2.136555472145488521e-01,1.309991601496979641e+01
3.331173090405089315e+05,4.980140495090838522e+06,9.492538670910620480e-02,-2.150092054187819068e-01,1.322625940148939350e+01
3.331163368207189487e+05,4.980141954462669790e+06,9.671224158925254000e-02,-2.076450701363982410e-01,1.290175038129729579e+01
3.331155568057297496e+05,4.980143519979950972e+06,1.012221353476013969e-01,-1.971310607597402398e-01,1.249483215623469512e+01
3.331143502146848477e+05,4.980146886346237734e+06,1.105212866925100040e-01,-1.771147293341299167e-01,1.179222177730781418e+01
3.331138748625200242e+05,4.980148632887195796e+06,1.154799214240172234e-01,-1.784895988507713971e-01,1.200178676527550259e+01
3.331134313513654633e+05,4.980150389713295735e+06,1.185129182018310884e-01,-1.798585068862411651e-01,1.215543255633949293e+01
3.331129796628343174e+05,4.980152135636662133e+06,1.198229969812313889e-01,-1.819717645249960825e-01,1.229145485533704196e+01
3.331125197969302535e+05,4.980153870657300577e+06,1.214633827335049321e-01,-1.809015669877848953e-01,1.229239081462693406e+01
3.331120432860285509e+05,4.980155572763770819e+06,1.230186223353727792e-01,-1.716234485519823605e-01,1.192337388132153819e+01
3.331115182894472964e+05,4.980157231671000831e+06,1.237637757106130609e-01,-1.569103135816680983e-01,1.130143356231638485e+01
3.331109056588084204e+05,4.980158859517145902e+06,1.241125470994152713e-01,-1.448502885029746001e-01,1.079943133144079326e+01
3.331101659557989915e+05,4.980160457331727259e+06,1.238690694156810573e-01,-1.424617342706782364e-01,1.069063374104285025e+01
3.331082705925088376e+05,4.980163441494653001e+06,1.266857851620273312e-01,-1.618637648322754918e-01,1.161514595078135770e+01
3.331071298377308995e+05,4.980164794105315581e+06,1.247452396909933259e-01,-1.678664271884023063e-01,1.181270545752187573e+01
3.331058763362241443e+05,4.980166060729508288e+06,1.216927938500610290e-01,-1.657606052944976538e-01,1.162003215841414772e+01
3.331045498163130251e+05,4.980167251446435228e+06,1.165462465378284407e-01,-1.566617191803061360e-01,1.104848236856737742e+01
3.331031669232865097e+05,4.980168399170332588e+06,1.123857947167884869e-01,-1.464007331119742128e-01,1.045704268037521167e+01
3.331017597877810476e+05,4.980169525294933468e+06,1.078894107276145570e-01,-1.424047512655678416e-01,1.012956505769613536e+01
3.331003444751125062e+05,4.980170640517103486e+06,1.014679532877472146e-01,-1.431593213454395996e-01,9.952469796209117092e+00
3.330989367605971638e+05,4.980171744425021112e+06,9.607106251167518707e-02,-1.491736388657483314e-01,1.006144055977425111e+01
3.330975290465657599e+05,4.980172848333262838e+06,9.046130266570451273e-02,-1.533957705798322524e-01,1.009754222400675872e+01
3.330947623959226185e+05,4.980175110458551906e+06,8.463502434006735242e-02,-1.529759789843069540e-01,9.916668547696083635e+00
3.330934271222835523e+05,4.980176268057819456e+06,8.824128063015689027e-02,-1.534582809738231080e-01,1.003848749716178013e+01
3.330921242697751150e+05,4.980177458159700036e+06,9.858526960269446693e-02,-1.553065253495419795e-01,1.042327398299674357e+01
3.330908538384012645e+05,4.980178680764174089e+06,1.117239584805180402e-01,-1.552622725291897543e-01,1.082881723905985005e+01
3.330896155381498393e+05,4.980179924762553535e+06,1.254890347331838185e-01,-1.563831324158748148e-01,1.133787859599378933e+01
3.330884017713854555e+05,4.980181201469413005e+06,1.355677748376414027e-01,-1.581205472149519453e-01,1.176538273101146359e+01
3.330872364910757169e+05,4.980182521375625394e+06,1.429842280617333872e-01,-1.592650191825137063e-01,1.208087555869353125e+01
3.330861354725087294e+05,4.980183884069308639e+06,1.483236927060814503e-01,-1.597811258303977189e-01,1.229881478860258248e+01
3.330850838104534196e+05,4.980185323288287967e+06,1.489842332177760686e-01,-1.561526404534003543e-01,1.217899194916476624e+01
3.330831501886409242e+05,4.980188352923582308e+06,1.453426497672281326e-01,-1.398916158516408381e-01,1.140509499627071932e+01
3.330822358082170249e+05,4.980189910837574862e+06,1.401690090851458736e-01,-1.333508201116982428e-01,1.094961238369697831e+01
3.330813377835954889e+05,4.980191490557177924e+06,1.325595812162268239e-01,-1.271510651771291245e-01,1.040823826605011782e+01
3.330804394694083603e+05,4.980193059168255888e+06,1.236705479870760238e-01,-1.232750654238265325e-01,9.904959794845670018e+00
3.330795248003513552e+05,4.980194605974013917e+06,1.155258986075462097e-01,-1.208843410315781491e-01,9.492621049223252783e+00
3.330786168592449394e+05,4.980196108139309101e+06,1.067120302761929707e-01,-1.135648707863550072e-01,8.857426878424949024e+00
3.330777077584342915e+05,4.980197565870075487e+06,9.853181420887613395e-02,-1.035945917421223494e-01,8.136426786417619184e+00
3.330767974978989223e+05,4.980198979166315868e+06,9.437817418869186292e-02,-9.530441787411347843e-02,7.639343278262627379e+00
3.330758773198689451e+05,4.980200314907965250e+06,8.999246380960591873e-02,-8.664485146518673131e-02,7.120721607716807178e+00
3.330740311641125008e+05,4.980202764218346216e+06,8.466915684383695406e-02,-8.167619418361056483e-02,6.709605355642556113e+00
3.330731130739386426e+05,4.980203877581129782e+06,7.753791402441435887e-02,-7.895895879151164365e-02,6.314917146736666709e+00
3.330722242141881725e+05,4.980204901250928640e+06,6.949723763043777480e-02,-7.629693790448774382e-02,5.892299344534946748e+00
3.330713569872375811e+05,4.980205846542341635e+06,6.215402327200435922e-02,-7.427595545590917614e-02,5.531877692784359368e+00
3.330705189906099695e+05,4.980206702140744776e+06,5.395965322171435846e-02,-7.211827226460840179e-02,5.146769662441569082e+00
3.330697026266918401e+05,4.980207479360741563e+06,4.761355745222604213e-02,-7.074948716752700595e-02,4.874344388427745756e+00
3.330689239607296186e+05,4.980208188899088651e+06,4.332834078044522225e-02,-7.011031676166044890e-02,4.711580571839024678e+00
3.330681903001898318e+05,4.980208808332486078e+06,3.999217138315275255e-02,-7.145315075892394452e-02,4.681141995854203763e+00
3.330674867399677169e+05,4.980209371398824267e+06,3.810103104986678479e-02,-7.208628084599379149e-02,4.661357578859429474e+00
3.330662163758730749e+05,4.980210293868548237e+06,3.640738012939299939e-02,-7.191088434420606079e-02,4.608188872941333614e+00
3.330656653471662430e+05,4.980210652859997936e+06,3.605043593824980297e-02,-7.105074277186129716e-02,4.555323872416023434e+00
3.330651599038316635e+05,4.980210943963759579e+06,3.568876530440513034e-02,-7.047422871125737232e-02,4.516734818746403590e+00
3.330646842706220923e+05,4.980211167591731064e+06,3.589918152870406193e-02,-6.933061263879219949e-02,4.464231207242371546e+00
3.330642463351311162e+05,4.980211323537951335e+06,3.617714036344869821e-02,-6.837035734163203482e-02,4.423120504832689370e+00
3.330638700502422871e+05,4.980211422293205746e+06,3.667947171743450585e-02,-6.713272288134040922e-02,4.374582865731137638e+00
3.330635475283308187e+05,4.980211464063446037e+06,3.763035543755961082e-02,-6.621114194989798085e-02,4.355094325999750993e+00
3.330632717519676080e+05,4.980211482380618341e+06,3.790480163394258084e-02,-6.529700039398604605e-02,4.317723762177748448e+00
3.330630427211492788e+05,4.980211477244723588e+06,3.896178283294777361e-02,-6.449484688358141093e-02,4.309087845266026839e+00
3.330626696828538552e+05,4.980211398055405356e+06,3.997496145901181103e-02,-6.319967572850976323e-02,4.276675000630647538e+00
3.330625186579580186e+05,4.980211357533941977e+06,4.087698324379018811e-02,-6.249019138328837375e-02,4.270481837110245316e+00
3.330623749405412818e+05,4.980211294589188881e+06,4.128045351979044847e-02,-6.210834887891537176e-02,4.264973292436939900e+00
3.330622472884124145e+05,4.980211242341187783e+06,4.213790086780150324e-02,-6.163472628541599024e-02,4.269905852163986104e+00
3.330621351214406313e+05,4.980211178572603501e+06,4.246423078756860620e-02,-6.126254529489071066e-02,4.262981540005164938e+00
3.330620229544664035e+05,4.980211114804021083e+06,4.289256172135019751e-02,-6.115618646224026816e-02,4.271969206135050712e+00
3.330619183850362897e+05,4.980211039720813744e+06,4.340612960179320717e-02,-6.083774314328533467e-02,4.274055665455307462e+00
3.330618141056703171e+05,4.980210975746276788e+06,4.399535453560879383e-02,-6.051835871331555372e-02,4.278909275198764739e+00
3.330617177139151609e+05,4.980210911565781571e+06,4.448734385006061082e-02,-6.026940582884631609e-02,4.284031960904536973e+00
3.330616134345451137e+05,4.980210847591248341e+06,4.523481027854880238e-02,-5.978402749659053605e-02,4.287374567400256353e+00
3.330615170427859994e+05,4.980210783410754986e+06,4.551824672430830609e-02,-5.995576628387317558e-02,4.304926820730170078e+00
3.330614127634116448e+05,4.980210719436223619e+06,4.590369306422786150e-02,-6.000814094227640422e-02,4.320610428297486649e+00
3.330613239691943163e+05,4.980210643941105343e+06,4.616312576882850016e-02,-6.002935953828219401e-02,4.330564462759213917e+00
3.330612430625883862e+05,4.980210568240030669e+06,4.666860973731928180e-02,-6.001821788884238729e-02,4.347677770593613822e+00
3.330611934163667611e+05,4.980210480606446043e+06,4.678356694856738301e-02,-6.016587731068681610e-02,4.358337885930390954e+00
3.330611671429170528e+05,4.980210381246317178e+06,4.694969111689754199e-02,-6.034626283498638333e-02,4.372258608495511290e+00
3.330611332719206694e+05,4.980210293200814165e+06,4.726604411249912124e-02,-6.047350007243682685e-02,4.389055014459009030e+00
3.330610991108557209e+05,4.980210194046642631e+06,4.733001145352216249e-02,-6.098705860657015893e-02,4.414371712955096783e+00
3.330610722572680097e+05,4.980210072469176725e+06,4.759844066373321997e-02,-6.158954362033364910e-02,4.450861827755296929e+00
3.330610255675007938e+05,4.980209795782282017e+06,4.803601575379261995e-02,-6.238757706974371042e-02,4.502065170435743724e+00
