easting,northing,tangent_derivative,inclination_deg
3.334362898816561792e+05,4.979665040709275752e+06,-2.979601600063105371e-01,-1.659196007006021034e+01
3.334362741051073535e+05,4.979665041120233946e+06,-3.654893157538079418e-01,-2.007681801758727147e+01
3.334362586179249920e+05,4.979665052639852278e+06,-3.914682885653463229e-01,-2.137876764644668270e+01
3.334362510190170724e+05,4.979665063953991979e+06,-3.395686275522017405e-01,-1.875587557704201913e+01
3.334362513083836529e+05,4.979665075062650256e+06,-1.396610176054230990e-01,-7.950560606288003207e+00
3.334362594860246172e+05,4.979665085965831764e+06,-2.545453584621841792e-01,-1.428109056579784841e+01
3.334362515977502335e+05,4.979665086171310395e+06,-2.986527208820349277e-01,-1.662839835996174997e+01
3.334362437094757915e+05,4.979665086376789957e+06,-2.986687865995330537e-01,-1.662924347499109246e+01
3.334362279329270823e+05,4.979665086787749082e+06,-1.622387767076704790e-01,-9.215303703092416754e+00
3.334362197552861180e+05,4.979665075884569436e+06,-9.771705567113883606e-02,-5.581056083409018598e+00
3.334362118670117343e+05,4.979665076090048999e+06,0.000000000000000000e+00,0.000000000000000000e+00
3.334362197552861180e+05,4.979665075884569436e+06,2.986523521391510338e-01,1.662837896266079341e+01
3.334362197552861180e+05,4.979665075884569436e+06,0.000000000000000000e+00,0.000000000000000000e+00
3.334362197552861180e+05,4.979665075884569436e+06,0.000000000000000000e+00,0.000000000000000000e+00
3.334362197552861180e+05,4.979665075884569436e+06,2.544178073055028966e-01,1.427422691865664639e+01
3.334362194659195375e+05,4.979665064775909297e+06,1.398291029652124762e-01,7.960006717873239879e+00
3.334362112882785732e+05,4.979665053872730583e+06,3.449122368576168496e-02,1.975418447218308726e+00
3.334362031106374925e+05,4.979665042969550937e+06,-9.772053250390969059e-02,-5.581253407017085166e+00
3.334361952223629924e+05,4.979665043175030500e+06,-2.985859946707730139e-01,-1.662488823947664685e+01
3.334361952223629924e+05,4.979665043175030500e+06,3.449918800406837072e-02,1.975874226703206116e+00
3.334361870447219117e+05,4.979665032271849923e+06,-1.356284833884225383e-01,-7.723809738802835945e+00
3.334361552022575634e+05,4.979665021985108964e+06,-1.731447477419231773e-01,-9.823073638947995789e+00
3.334360833396870876e+05,4.979664990508447401e+06,-2.142109225539889084e-01,-1.209065989661876550e+01
3.334360041675751563e+05,4.979664981454584748e+06,-2.990886833620300944e-01,-1.665132892684832555e+01
3.334359965686674695e+05,4.979664992768726312e+06,-1.781676310787998763e-01,-1.010224915098997478e+01
3.334360129239503876e+05,4.979665014575083740e+06,6.459675407780951506e-02,3.695986289362507726e+00
3.334360368781407014e+05,4.979665025067306124e+06,2.098113292555423004e-02,1.201954016836191963e+00
3.334360777663470944e+05,4.979665079583203420e+06,-8.390088985704841074e-02,-4.795934497789470008e+00
3.334360865227219765e+05,4.979665112703703344e+06,-2.542681948687096627e-01,-1.426617560018521402e+01
3.334360792131812195e+05,4.979665135126501322e+06,-3.802484310960956293e-01,-2.081922799190052231e+01
3.334360637259995565e+05,4.979665146646121517e+06,-3.784432830277587589e-01,-2.072881182176735138e+01
3.334360558377252892e+05,4.979665146851601079e+06,-3.906159207362862595e-01,-2.133640795521188238e+01
3.334360482388177770e+05,4.979665158165740781e+06,-3.478908154241519002e-01,-1.918231636640501137e+01
3.334360263101964956e+05,4.979665225434138440e+06,-3.469775883891527690e-01,-1.913562808085329081e+01
3.334359818742214120e+05,4.979665337753613479e+06,-3.471932651708995454e-01,-1.914665683497383242e+01
3.334359157989962841e+05,4.979665528450147249e+06,-3.495700955444247526e-01,-1.926809966068821822e+01
3.334357307455855189e+05,4.979666000150856562e+06,-3.545856645676340735e-01,-1.952377685166269927e+01
3.334356266758495476e+05,4.979666247418093495e+06,-3.575367224152057322e-01,-1.967383557108771441e+01
3.334355299156591063e+05,4.979666472262533382e+06,-3.610024670092439880e-01,-1.984970741802941063e+01
3.334354179576674942e+05,4.979666719735254534e+06,-3.560569916413348079e-01,-1.959862753417312220e+01
3.334353071571583860e+05,4.979667011642616242e+06,-3.473183069580518256e-01,-1.915305024248344878e+01
3.334352048236692208e+05,4.979667325561820529e+06,-3.258250248122697146e-01,-1.804690572788485881e+01
3.334351433783909306e+05,4.979667693996917456e+06,-3.067300198207846829e-01,-1.705234875678050699e+01
3.334350763598014601e+05,4.979668151506775990e+06,-3.170240307177897288e-01,-1.758986621169719555e+01
3.334349476819089614e+05,4.979668666203784756e+06,-3.396338445066154343e-01,-1.875922584968940754e+01
3.334345807585427538e+05,4.979669731800533831e+06,-3.442219839104803114e-01,-1.899458919838540183e+01
3.334343734874210786e+05,4.979670259661034681e+06,-3.431737658966004245e-01,-1.894087580148156746e+01
3.334341670844485052e+05,4.979670820847522467e+06,-3.275835600915897872e-01,-1.813794520162837998e+01
3.334339936814376269e+05,4.979671436755386181e+06,-3.074483320251311103e-01,-1.708995829268125632e+01
3.334338456794899539e+05,4.979672118698768318e+06,-3.009883882863217952e-01,-1.675118465658248823e+01
3.334336439065836603e+05,4.979672857623832300e+06,-3.042669302292271283e-01,-1.692327090911946641e+01
3.334333866265102988e+05,4.979673586878630333e+06,-3.068049643515020075e-01,-1.705627342600985585e+01
3.334330983721949160e+05,4.979674339172694832e+06,-3.018793745808239226e-01,-1.679798226636565062e+01
3.334328095392065006e+05,4.979675069249456748e+06,-3.048803610077961412e-01,-1.695543426590038294e+01
3.334321597216027440e+05,4.979676486817749217e+06,-3.124596756230667016e-01,-1.735191974856702046e+01
3.334317192756509176e+05,4.979677154146824963e+06,-3.411303023378124966e-01,-1.883606408472880744e+01
3.334311371305125067e+05,4.979677836283343844e+06,-3.494545047993699027e-01,-1.926219776734158984e+01
3.334305397877403302e+05,4.979678541048215702e+06,-3.520535086927039092e-01,-1.939479629792260340e+01
3.334299187803316163e+05,4.979679246429610066e+06,-3.556911210596604977e-01,-1.958002112749044699e+01
3.334292817071700701e+05,4.979679941113386303e+06,-3.595617418010598199e-01,-1.977664383720385288e+01
3.334286525224047946e+05,4.979680635591740720e+06,-3.611129382750247752e-01,-1.985530698132149041e+01
3.334280157389062224e+05,4.979681341384312138e+06,-3.663542326037587671e-01,-2.012052217011482469e+01
3.334273307578777312e+05,4.979682015083917417e+06,-3.802108849661203216e-01,-2.081734848592688891e+01
3.334256897018196760e+05,4.979683258383524604e+06,-3.868547790580469936e-01,-2.114920041533800443e+01
3.334247970222120639e+05,4.979683837448301725e+06,-3.897428280102422371e-01,-2.129299292930695486e+01
3.334239204086548416e+05,4.979684427210878581e+06,-3.892179640586963529e-01,-2.126688142451653718e+01
3.334230277293653926e+05,4.979685006275909953e+06,-3.886459552259200478e-01,-2.123841395245686314e+01
3.334220222995963995e+05,4.979685499348762445e+06,-3.834733310157526498e-01,-2.098048669901927354e+01
3.334209193170379149e+05,4.979685883801165037e+06,-3.738548514583324156e-01,-2.049850056842117496e+01
3.334197675581254298e+05,4.979686213943466544e+06,-3.645130535220044155e-01,-2.002745830454005116e+01
3.334185676016340149e+05,4.979686511993009597e+06,-3.587942132218244762e-01,-1.973769272677230191e+01
3.334173431122949114e+05,4.979686777333311737e+06,-3.612656096968414055e-01,-1.986304493399228122e+01
3.334149671539545525e+05,4.979687383925688453e+06,-3.607396221100955813e-01,-1.983638275739905410e+01
3.334138235732234316e+05,4.979687724972228520e+06,-3.699675976543125300e-01,-2.030284072796438011e+01
3.334126600901893107e+05,4.979688211048084311e+06,-3.794423510380133813e-01,-2.077886646986174313e+01
3.334115000802636496e+05,4.979688830428077839e+06,-3.812837995633346355e-01,-2.087103858620625374e+01
3.334103640247053700e+05,4.979689460300409235e+06,-3.754219698868561106e-01,-2.057723863448952883e+01
3.334092586540951161e+05,4.979690056024914607e+06,-3.732869189543346344e-01,-2.046994544888271861e+01
3.334081702178428532e+05,4.979690695773227140e+06,-3.746685105280346262e-01,-2.053939205373778165e+01
3.334071159395509167e+05,4.979691434677605517e+06,-3.754835043935252359e-01,-2.058032871023629085e+01
3.334061113063219236e+05,4.979692261218341067e+06,-3.741396116671962813e-01,-2.051281404438876166e+01
3.334051884499910520e+05,4.979693196790652350e+06,-3.702335401767332668e-01,-2.031624242255829316e+01
3.334043552588144084e+05,4.979694241188987158e+06,-3.642774632825349634e-01,-2.001554223975928082e+01
3.334036111539447447e+05,4.979695372195990756e+06,-3.565818460317358163e-01,-1.962531157526124659e+01
3.334029640236068517e+05,4.979696589606109075e+06,-3.465606418698383706e-01,-1.911430310799592647e+01
3.334024138677771552e+05,4.979697893419316038e+06,-3.349514103890482986e-01,-1.851834636849733684e+01
3.334019603969947202e+05,4.979699272526919842e+06,-3.249597574708825154e-01,-1.800207612996094397e+01
3.334015548346790019e+05,4.979700672618744895e+06,-3.136571900804901447e-01,-1.741440806430595600e+01
3.334011740949761588e+05,4.979702116528671235e+06,-2.969487840780148935e-01,-1.653872288270457958e+01
3.334008094213570002e+05,4.979703571136238985e+06,-2.779806505170933639e-01,-1.553490153686884945e+01
3.334004441690635867e+05,4.979705003526513465e+06,-2.681358942266287571e-01,-1.500998018078567853e+01
3.333996237108145724e+05,4.979707748372673057e+06,-2.532891471264823169e-01,-1.421347444467376242e+01
3.333991372414272046e+05,4.979709072759335861e+06,-2.707595655802789159e-01,-1.515013023241007417e+01
3.333985160936537432e+05,4.979710378422690555e+06,-2.866451527151498424e-01,-1.599469325331240732e+01
3.333978306826562621e+05,4.979711641295699403e+06,-2.935265453130509461e-01,-1.635836418104711498e+01
3.333971204495395068e+05,4.979712860350739211e+06,-3.048377707867940822e-01,-1.695320153397302576e+01
3.333962983344924869e+05,4.979714026739988476e+06,-3.224564735230660006e-01,-1.787225239893931672e+01
3.333953640481095063e+05,4.979715129354835488e+06,-3.348845178761403751e-01,-1.851490025996830013e+01
3.333943257680719253e+05,4.979716179098452441e+06,-3.444421261364962739e-01,-1.900586545442079611e+01
3.333931811788320774e+05,4.979717087101609446e+06,-3.527365816783482599e-01,-1.942961022404456983e+01
3.333906317634549923e+05,4.979718609751933254e+06,-3.483459362255918457e-01,-1.920557431956944683e+01
3.333892596479007043e+05,4.979719268011685461e+06,-3.414642125142560158e-01,-1.885319970590551719e+01
3.333878387560907286e+05,4.979719871961683035e+06,-3.300418981577635247e-01,-1.826505475207470397e+01
3.333863775551240542e+05,4.979720443613738753e+06,-3.188495756203108544e-01,-1.768485989020331672e+01
3.333849236636901041e+05,4.979720992843268439e+06,-3.103423849804022305e-01,-1.724133174289287496e+01
3.333834861278314493e+05,4.979721563879364170e+06,-3.027610072096187377e-01,-1.684426588605328234e+01
3.333820965003822348e+05,4.979722155899819918e+06,-2.953742528291114500e-01,-1.645578363673868338e+01
3.333807471826078254e+05,4.979722780218818225e+06,-2.936750851694228115e-01,-1.636619947434212108e+01
3.333794475100758718e+05,4.979723492174081504e+06,-2.975320453684370259e-01,-1.656942840249801208e+01
3.333771390885363799e+05,4.979725175293315202e+06,-2.920245445894113501e-01,-1.627910020074724429e+01
3.333761388067106018e+05,4.979726168468944728e+06,-2.937091103555828364e-01,-1.636799417215924279e+01
3.333752378152462770e+05,4.979727336916626431e+06,-2.948892304215238180e-01,-1.643022051796861760e+01
3.333744478378538042e+05,4.979728524703956209e+06,-2.963929807550100270e-01,-1.650945377818901250e+01
3.333738334274585941e+05,4.979729785729724914e+06,-2.940106601340104486e-01,-1.638389832070111396e+01
3.333733636101677548e+05,4.979731143033436500e+06,-2.897254131727464155e-01,-1.615764575900893263e+01
3.333729904777936172e+05,4.979732575631096959e+06,-2.862402905564966904e-01,-1.597325532998961251e+01
3.333727207605476724e+05,4.979734038882486522e+06,-2.812111973363736195e-01,-1.570657754903811565e+01
3.333724910633657128e+05,4.979735523323412053e+06,-2.767221044864666690e-01,-1.546794288068353929e+01
3.333720074258739478e+05,4.979738470604666509e+06,-2.596971797608813581e-01,-1.455796329355067797e+01
3.333717765711544198e+05,4.979739910610991530e+06,-2.534876112499988565e-01,-1.422415955653573150e+01
3.333715290717414464e+05,4.979741317702472210e+06,-2.597755079319305493e-01,-1.456216753646092776e+01
3.333712015327080153e+05,4.979742682414949872e+06,-2.771183562668620981e-01,-1.548902941794018062e+01
3.333707305591756012e+05,4.979743995284277014e+06,-2.956494898042520969e-01,-1.647028701347831614e+01
3.333701403947268846e+05,4.979745277911118232e+06,-3.122135457858491447e-01,-1.733907099688105546e+01
3.333694544144601678e+05,4.979746518570153974e+06,-3.292752151648702941e-01,-1.822543294416081494e+01
3.333686805065887165e+05,4.979747717055850662e+06,-3.469642214890046317e-01,-1.913494450836703464e+01
3.333677789407838136e+05,4.979748863287411630e+06,-3.656821329528996412e-01,-2.008656316224009686e+01
3.333656513089474174e+05,4.979750819605228491e+06,-3.913334670031136664e-01,-2.137206911856350189e+01
3.333644573745673988e+05,4.979751651086629368e+06,-3.906969994530729018e-01,-2.134043833697577597e+01
3.333631577097830595e+05,4.979752363045433536e+06,-3.866721055408560703e-01,-2.114009590126670446e+01
3.333617683803908294e+05,4.979752966179216281e+06,-3.817696336805563306e-01,-2.089533777628343358e+01
3.333603299852046184e+05,4.979753503894798458e+06,-3.797879017758597486e-01,-2.079617130905341327e+01
3.333588910112284357e+05,4.979754019393389113e+06,-3.797191048574122263e-01,-2.079272634380379614e+01
3.333574835901365150e+05,4.979754534069991671e+06,-3.830324418079698034e-01,-2.095846082922968989e+01
3.333561158996014856e+05,4.979755058827663772e+06,-3.833259097850276187e-01,-2.097312257594612817e+01
3.333547800514562987e+05,4.979755593871964142e+06,-3.966173383058566038e-01,-2.163413533057552485e+01
3.333523542653836776e+05,4.979757013270985335e+06,-4.082801374932353289e-01,-2.220921831005773583e+01
3.333512981963757193e+05,4.979757985672556795e+06,-4.225398663632529139e-01,-2.290599597045822478e+01
3.333503464109336492e+05,4.979759022053624503e+06,-4.261603270505447405e-01,-2.308177919883422646e+01
3.333494752445605700e+05,4.979760123030913062e+06,-4.263411225991708964e-01,-2.309054530896748503e+01
3.333487171184614999e+05,4.979761321108008735e+06,-4.202471618497826134e-01,-2.279444252164618590e+01
3.333481433155542472e+05,4.979762625543210655e+06,-4.069591086768968857e-01,-2.214431317103170116e+01
3.333477462371365400e+05,4.979764047650718130e+06,-3.913483042776683130e-01,-2.137280632960743887e+01
3.333474779751413153e+05,4.979765566446728073e+06,-3.780704499886768932e-01,-2.071012389785454033e+01
3.333472894634059048e+05,4.979767116512815468e+06,-3.716531362459964960e-01,-2.038774113171019309e+01
3.333469209075064864e+05,4.979770238656750880e+06,-3.668064935948000538e-01,-2.014336514977131642e+01
3.333467478828909807e+05,4.979771777203022502e+06,-3.640126109360544704e-01,-2.000214395257872724e+01
3.333465897660786286e+05,4.979773282012133859e+06,-3.670417390733797247e-01,-2.015524438243482308e+01
3.333463919191260356e+05,4.979774776740564033e+06,-3.733487393864419746e-01,-2.047305423852560935e+01
3.333461543420592789e+05,4.979776261388313957e+06,-3.864080878577427769e-01,-2.112693518733682296e+01
3.333457102258638479e+05,4.979777695838237181e+06,-4.027490760763502431e-01,-2.193706551300636320e+01
3.333450432153193979e+05,4.979779058284249157e+06,-4.064633647800438010e-01,-2.211994068875489816e+01
3.333442795207001036e+05,4.979780345436871052e+06,-4.019089568938961632e-01,-2.189563631799244448e+01
3.333433241948897485e+05,4.979781548654653132e+06,-3.841822046301437421e-01,-2.101588687739293704e+01
3.333409213657705695e+05,4.979783545503188856e+06,-3.652837344910854211e-01,-2.006642643162287953e+01
3.333395448556150077e+05,4.979784337283701636e+06,-3.419467334077717635e-01,-1.887795555795230840e+01
3.333381187006324762e+05,4.979785041428854689e+06,-3.345804724732276414e-01,-1.849923497206693668e+01
3.333366513680064818e+05,4.979785679950398393e+06,-3.353481585185985603e-01,-1.853878282858568483e+01
3.333351676802982111e+05,4.979786296666179784e+06,-3.419220975468714174e-01,-1.887669178620912191e+01
3.333336766838462790e+05,4.979786935805248097e+06,-3.501341309732604046e-01,-1.929689238153562414e+01
3.333322259969868464e+05,4.979787607242594473e+06,-3.533842552151736371e-01,-1.946260618258954267e+01
3.333308302377394866e+05,4.979788266132324003e+06,-3.534043034856707566e-01,-1.946362733472162532e+01
3.333294677686481155e+05,4.979788990851872601e+06,-3.692246454108460973e-01,-2.026538869681144206e+01
3.333270258653011988e+05,4.979790699703092687e+06,-3.908997770613865108e-01,-2.135051733885845238e+01
3.333259622073234059e+05,4.979791683423419483e+06,-4.129560685847852852e-01,-2.243847492777565478e+01
3.333250361225798842e+05,4.979792796952313744e+06,-4.240335590016008349e-01,-2.297857427525211449e+01
3.333242554991825018e+05,4.979794040084094740e+06,-4.237880088551569391e-01,-2.296664837644732415e+01
3.333235958040287369e+05,4.979795380109593272e+06,-4.123893771166970978e-01,-2.241073070573770210e+01
3.333230956089319661e+05,4.979796782674668357e+06,-3.927584648417320468e-01,-2.144283825576232516e+01
3.333228031112166354e+05,4.979798279871522449e+06,-3.666211722120278349e-01,-2.013400567044870471e+01
3.333226780014698743e+05,4.979799839402260259e+06,-3.516444990130093706e-01,-1.937394332072280179e+01
3.333225932010919787e+05,4.979801431230869144e+06,-3.522211615091728198e-01,-1.940334237691728703e+01
3.333224390871907817e+05,4.979804603368192911e+06,-3.747277198654639929e-01,-2.054236684247514333e+01
3.333223610168236773e+05,4.979806150556546636e+06,-3.918319334771907525e-01,-2.139683206701463192e+01
3.333222832361009205e+05,4.979807708853568882e+06,-4.078254518888649871e-01,-2.218688534153601566e+01
3.333222121852352284e+05,4.979809222510323860e+06,-4.205424484433241683e-01,-2.280882020365261198e+01
3.333221563314719824e+05,4.979810713538508862e+06,-4.380643229271393158e-01,-2.365651089421795206e+01
3.333219342485780362e+05,4.979812186667505652e+06,-4.594839417958261341e-01,-2.467802138852641392e+01
3.333215912381786620e+05,4.979813562902947888e+06,-4.714457264965489225e-01,-2.524133344608484464e+01
3.333211527020905633e+05,4.979814908279944211e+06,-4.845458482663841382e-01,-2.585231569055501311e+01
3.333204763651346439e+05,4.979816215391146950e+06,-4.963498064908494767e-01,-2.639749446228493213e+01
3.333186273909988813e+05,4.979818564646264538e+06,-4.979109376405713161e-01,-2.646921561872689921e+01
3.333175421020459617e+05,4.979819626745708287e+06,-4.869289668680463201e-01,-2.596279235932266261e+01
3.333163911024676636e+05,4.979820590512447990e+06,-4.766346426625814869e-01,-2.548408630772448902e+01
3.333151591952466406e+05,4.979821478575112298e+06,-4.621515001252874399e-01,-2.480409012843885819e+01
3.333137902949969284e+05,4.979822259047210217e+06,-4.400339155629871546e-01,-2.375112250419709525e+01
3.333123469271686627e+05,4.979822908066403121e+06,-4.241463551663164910e-01,-2.298405186276596979e+01
3.333108948027420556e+05,4.979823523965584114e+06,-4.179335491869718977e-01,-2.268168641440199096e+01
3.333094508562656119e+05,4.979824150768122636e+06,-4.154925254470016038e-01,-2.256251940295995340e+01
3.333080150877449196e+05,4.979824788474014029e+06,-4.284800805286936853e-01,-2.319416866036490887e+01
3.333052819930147380e+05,4.979826227020730264e+06,-4.472887194988826032e-01,-2.409842935841808753e+01
3.333040258449094836e+05,4.979827093485227786e+06,-4.684636468625597017e-01,-2.510138217292188045e+01
3.333028587828995660e+05,4.979828046557135880e+06,-4.729824373068551302e-01,-2.531332693571605574e+01
3.333018216954544187e+05,4.979829140751461498e+06,-4.719119732328992400e-01,-2.526318570510946060e+01
3.333009221810431918e+05,4.979830364753827453e+06,-4.665920261560063120e-01,-2.501338158238192477e+01
3.333001354169587139e+05,4.979831674746487290e+06,-4.600632463554734097e-01,-2.470542103515195720e+01
3.332995177781477105e+05,4.979833113724472001e+06,-4.520308148077386012e-01,-2.432443442070206174e+01
3.332990996583403321e+05,4.979834636430461891e+06,-4.420646634585931323e-01,-2.384852801941507394e+01
3.332988091959464946e+05,4.979836211389322765e+06,-4.296429850464936195e-01,-2.325043913362449999e+01
3.332984289487325586e+05,4.979839489469670691e+06,-4.308531975703072670e-01,-2.330894835820543420e+01
3.332982822096594027e+05,4.979841127378757112e+06,-4.308169884037795772e-01,-2.330719852741133380e+01
3.332981112272700993e+05,4.979842743687494658e+06,-4.375711028284995363e-01,-2.363279703923735653e+01
3.332979238896374591e+05,4.979844338190231472e+06,-4.393354603215934850e-01,-2.371758711636589467e+01
3.332977283744498855e+05,4.979845921789973043e+06,-4.439578300560751423e-01,-2.393920273938553223e+01
3.332974057816563291e+05,4.979847475354247727e+06,-4.537278669341522908e-01,-2.440511979344451987e+01
3.332968535666668322e+05,4.979849001556622796e+06,-4.550541749594647079e-01,-2.446810666729386696e+01
3.332961097217506031e+05,4.979850443825556897e+06,-4.470111294545489056e-01,-2.408517478114373134e+01
3.332951669382082764e+05,4.979851824584105052e+06,-4.307936273081698353e-01,-2.330606956330439417e+01
3.332928622154264012e+05,4.979854252427559346e+06,-4.162267129453601777e-01,-2.259838302107916164e+01
3.332915402956998441e+05,4.979855320701624267e+06,-3.972134222578623808e-01,-2.166364017759160632e+01
3.332901284219255904e+05,4.979856269043012522e+06,-3.753309061623394394e-01,-2.057266546162835041e+01
3.332886189956553280e+05,4.979857108766112477e+06,-3.550064330681533264e-01,-1.954518966119679035e+01
3.332870762797469506e+05,4.979857882660285570e+06,-3.476429966372789337e-01,-1.916964936596849967e+01
3.332855665645901463e+05,4.979858711275465786e+06,-3.470195317452149375e-01,-1.913777299349165162e+01
3.332840810932287714e+05,4.979859561491317116e+06,-3.473414247460681059e-01,-1.915423220458251308e+01
3.332826198656699271e+05,4.979860433307825588e+06,-3.532361887100146092e-01,-1.945506406506280328e+01
3.332812240600279765e+05,4.979861392348562367e+06,-3.626577874822132230e-01,-1.993357080293755601e+01
3.332787505110373022e+05,4.979863702321297489e+06,-3.413033293101968568e-01,-1.884494392930276874e+01
3.332777189372992143e+05,4.979865007584437728e+06,-3.346826990501174381e-01,-1.850450229735255903e+01
3.332768798630213132e+05,4.979866430106658489e+06,-3.252192306060986415e-01,-1.801552185815765839e+01
3.332762487745271064e+05,4.979867958367853425e+06,-3.140352344731859313e-01,-1.743412618807817438e+01
3.332757941195993917e+05,4.979869593190695159e+06,-3.043691832172004674e-01,-1.692863299388947596e+01
3.332754510559461196e+05,4.979871269568643533e+06,-3.005892824750613923e-01,-1.673021480312169729e+01
3.332751480119519401e+05,4.979872967135518789e+06,-3.029908105243267480e-01,-1.685632629841810015e+01
3.332748846979237278e+05,4.979874674782652408e+06,-3.098121626146734808e-01,-1.721361695832559136e+01
3.332746602448328631e+05,4.979876359184050933e+06,-3.169228967329749125e-01,-1.758460069875190257e+01
3.332742025820912095e+05,4.979879694866589271e+06,-3.261632406156296793e-01,-1.806442251845403035e+01
3.332738980906581273e+05,4.979881336890248582e+06,-3.350821521518849155e-01,-1.852508140455925911e+01
3.332734738309067907e+05,4.979882926455928944e+06,-3.444067760764440433e-01,-1.900405483562729714e+01
3.332729452892592526e+05,4.979884452043611556e+06,-3.523617953779344392e-01,-1.941051047634671178e+01
3.332723051571049145e+05,4.979885936076343060e+06,-3.551475851532531203e-01,-1.955237158523424057e+01
3.332715058167993557e+05,4.979887368679633364e+06,-3.523295896287624851e-01,-1.940886900712240859e+01
3.332705463994005695e+05,4.979888716527554207e+06,-3.440125412969773366e-01,-1.898385958581428312e+01
3.332694496999400435e+05,4.979889945677111857e+06,-3.300929539740507512e-01,-1.826769265034404199e+01
3.332682075407467782e+05,4.979891045225410722e+06,-3.087042560925302714e-01,-1.715567974640019600e+01
3.332655027159112506e+05,4.979892961051359773e+06,-2.729796684434775411e-01,-1.526857788914590053e+01
3.332641200889264001e+05,4.979893819706761278e+06,-2.504113202608219124e-01,-1.405842194621530972e+01
3.332627535279878648e+05,4.979894689059734344e+06,-2.340920288530164983e-01,-1.317524092825322768e+01
3.332613869674142916e+05,4.979895558413007297e+06,-2.231255233534324700e-01,-1.257811806145148736e+01
3.332600849596301559e+05,4.979896481664265506e+06,-2.192057983722962844e-01,-1.236400763691762528e+01
3.332589182068893570e+05,4.979897445853449404e+06,-2.229266368580121727e-01,-1.256726265926075925e+01
3.332578466898020706e+05,4.979898429791696370e+06,-2.359123294443515872e-01,-1.327407806585052619e+01
3.332568166408982943e+05,4.979899490462230518e+06,-2.603786354075105502e-01,-1.459453486574173375e+01
3.332559060709903133e+05,4.979900592481947504e+06,-2.929404209285775273e-01,-1.632744070989621576e+01
3.332543884417950176e+05,4.979902933117371053e+06,-3.555807182475573813e-01,-1.957440573037446541e+01
3.332537813824368641e+05,4.979904171733006835e+06,-3.767831469126463606e-01,-2.064556355390591591e+01
3.332532543619916542e+05,4.979905452726228163e+06,-3.917063590423473518e-01,-2.139059453709136704e+01
3.332527994924429804e+05,4.979906776302729733e+06,-3.949813634876755963e-01,-2.155309623777253947e+01
3.332524801673088223e+05,4.979908151925445534e+06,-3.874671375089808190e-01,-2.117971241583865805e+01
3.332523197607412003e+05,4.979909567868546583e+06,-3.749826311895764208e-01,-2.055517274597027821e+01
3.332522861413161736e+05,4.979911002737548202e+06,-3.651495439342830607e-01,-2.005964271311214020e+01
3.332523164948578924e+05,4.979912469286828302e+06,-3.591372162149327196e-01,-1.975510204831690331e+01
3.332523792694307631e+05,4.979913968339242041e+06,-3.565038317957658909e-01,-1.962134582594107357e+01
3.332524645095975138e+05,4.979916934146664105e+06,-3.459830018038190236e-01,-1.908475027826152370e+01
3.332524948631771840e+05,4.979918400695953518e+06,-3.484946408539471574e-01,-1.921317211935799563e+01
3.332524618233329384e+05,4.979919857782302424e+06,-3.649485544028001627e-01,-2.004948101707727304e+01
3.332523250811588368e+05,4.979921273108290508e+06,-3.838391001603702612e-01,-2.099875480626486990e+01
3.332521085903155035e+05,4.979922657165446319e+06,-4.042387218158496887e-01,-2.201046581409432790e+01
3.332517346300836653e+05,4.979924056445589289e+06,-4.225274663616515047e-01,-2.290539313054338066e+01
3.332512096399693401e+05,4.979925415199715644e+06,-4.332134107929650479e-01,-2.342290775689032145e+01
3.332505339097675169e+05,4.979926744536526501e+06,-4.392251205644097656e-01,-2.371228772293975595e+01
3.332496735700191930e+05,4.979927956409638748e+06,-4.397587089337956501e-01,-2.373791088919032433e+01
3.332486367984438548e+05,4.979929061722068116e+06,-4.336171634916942130e-01,-2.344238273155903229e+01
3.332474791004650760e+05,4.979930070142520592e+06,-4.213841354742716150e-01,-2.284978580007544480e+01
3.332462083640330820e+05,4.979930981465335004e+06,-4.035583464305245172e-01,-2.197695064161271006e+01
3.332448648980582948e+05,4.979931827987950295e+06,-3.873759751547962704e-01,-2.117517086401542414e+01
3.332434814132293104e+05,4.979932653322161175e+06,-3.738149646102192358e-01,-2.049649544188914163e+01
3.332420818631224101e+05,4.979933467959473841e+06,-3.622552971149932688e-01,-1.991318763697967498e+01
3.332406980892606080e+05,4.979934282185642980e+06,-3.514388569341558854e-01,-1.936345683385077976e+01
3.332393537554809591e+05,4.979935095383464359e+06,-3.465828650567272518e-01,-1.911543986471171408e+01
3.332380424224995077e+05,4.979935963301967829e+06,-3.467546790554956737e-01,-1.912422793777059482e+01
3.332368046890174155e+05,4.979936929347110912e+06,-3.640225431934918654e-01,-2.000264644442161810e+01
3.332345987970262067e+05,4.979939210126057267e+06,-3.729803134090848848e-01,-2.045452518802958153e+01
3.332336139934431994e+05,4.979940491945254616e+06,-3.852681886631706409e-01,-2.107008685011235016e+01
3.332327664724352653e+05,4.979941892462341115e+06,-3.896842861495827814e-01,-2.129008098424660389e+01
3.332320635424130596e+05,4.979943389254197478e+06,-3.855450415301254208e-01,-2.108389788396888420e+01
3.332315057828100398e+05,4.979945004538103007e+06,-3.773739224927113445e-01,-2.067519872813741699e+01
3.332310444172124844e+05,4.979946684005145915e+06,-3.710352219810335028e-01,-2.035662768774311715e+01
3.332306382674101042e+05,4.979948362032035366e+06,-3.688284798764086547e-01,-2.024541069956597994e+01
3.332302563611425576e+05,4.979950061659061350e+06,-3.678034483095428686e-01,-2.019369614278040004e+01
3.332298978291429230e+05,4.979951749560223892e+06,-3.627284374435269521e-01,-1.993714815954004038e+01
3.332295311196891125e+05,4.979953426558497362e+06,-3.524235940684687929e-01,-1.941366015186230243e+01
3.332291325690153171e+05,4.979955093271111138e+06,-3.429581365818714644e-01,-1.892982210796677478e+01
3.332286700459516142e+05,4.979956728303729557e+06,-3.349704501054922567e-01,-1.851932721416182659e+01
3.332281280644536018e+05,4.979958343176523224e+06,-3.290129861673897760e-01,-1.821187693140227637e+01
3.332274987366566784e+05,4.979959938095256686e+06,-3.279396786005659981e-01,-1.815636996004506543e+01
3.332267020244343439e+05,4.979961470682782121e+06,-3.251833528752223756e-01,-1.801366281983419171e+01
3.332256984883082332e+05,4.979962941967901774e+06,-3.181774997607300648e-01,-1.764989953894731656e+01
3.332245576707840664e+05,4.979964294555648230e+06,-3.087226008587355408e-01,-1.715663936829330183e+01
3.332232871700221440e+05,4.979965517131674103e+06,-2.980156052918857545e-01,-1.659487776867986497e+01
3.332219042106596753e+05,4.979966664827868342e+06,-2.880239506276592309e-01,-1.606766769318521781e+01
3.332190083198904758e+05,4.979968819100686349e+06,-2.741820993036060417e-01,-1.533267467679752549e+01
3.332175441647602711e+05,4.979969879986128770e+06,-2.713577975024208389e-01,-1.518206039713799527e+01
3.332161036738236435e+05,4.979970940254637972e+06,-2.726775994417208748e-01,-1.525246963562876523e+01
3.332146865572899114e+05,4.979971988797535188e+06,-2.801843576795731150e-01,-1.565204097803851013e+01
3.332133258156551747e+05,4.979973080335061066e+06,-2.893109026972257025e-01,-1.613573281787657976e+01
3.332120532903067069e+05,4.979974225152784027e+06,-2.978612513720492183e-01,-1.658675497872319937e+01
3.332108625422663172e+05,4.979975478999740444e+06,-3.065482845968690584e-01,-1.704283102469519307e+01
3.332097696371366619e+05,4.979976852573010139e+06,-3.157820745982234945e-01,-1.752518287909991912e+01
3.332087815934492392e+05,4.979978312340781093e+06,-3.255369157182671502e-01,-1.803198129859724830e+01
3.332072538946549175e+05,4.979981475852837786e+06,-3.326722624860443678e-01,-1.840085315249185527e+01
3.332067221272889292e+05,4.979983179391240701e+06,-3.296490354525760114e-01,-1.824475405336523792e+01
3.332063259032965871e+05,4.979984934974869713e+06,-3.238420887666446646e-01,-1.794413583640144338e+01
3.332061040824141819e+05,4.979986719357497059e+06,-3.141159963811881450e-01,-1.743833803341773248e+01
3.332060020289144013e+05,4.979988556196848862e+06,-3.043166333911234700e-01,-1.692587735097986013e+01
3.332058996857185266e+05,4.979990381927545182e+06,-2.953140116024151607e-01,-1.645260898749757672e+01
3.332057736789872288e+05,4.979992208275573328e+06,-2.831397194686953722e-01,-1.580892453276222831e+01
3.332056392048987327e+05,4.979994012612055056e+06,-2.721751184237426457e-01,-1.522566865895042909e+01
3.332054883755836636e+05,4.979995795142768882e+06,-2.709084865330304570e-01,-1.515807967439989490e+01
3.332049077439063112e+05,4.979999256319726817e+06,-2.617731481120209036e-01,-1.466933605371646721e+01
3.332043675115355290e+05,4.980000937846872024e+06,-2.662842054982255124e-01,-1.491095665225721945e+01
3.332036052600445691e+05,4.980002580701182596e+06,-2.648163192715872194e-01,-1.483239304255249813e+01
3.332026423347492237e+05,4.980004095396087505e+06,-2.604347364370052653e-01,-1.459754508972613962e+01
3.332015263526992057e+05,4.980005491805663332e+06,-2.553439754335685707e-01,-1.432405537179853106e+01
3.332002982022614451e+05,4.980006824444403872e+06,-2.513520175507764631e-01,-1.410912838301508643e+01
3.331989891450883588e+05,4.980008081380575895e+06,-2.465915908015660074e-01,-1.385229661380219568e+01
3.331976076486568199e+05,4.980009284625775181e+06,-2.446644494111947510e-01,-1.374816231791578680e+01
3.331962024891788606e+05,4.980010488488647155e+06,-2.450607134049611890e-01,-1.376958228075629265e+01
3.331934614235705230e+05,4.980012827711261809e+06,-2.518431015449200672e-01,-1.413559034539554204e+01
3.331921339848815696e+05,4.980013985082512721e+06,-2.555925237865203647e-01,-1.433742367413679197e+01
3.331908629209253704e+05,4.980015185448154807e+06,-2.608832490796220149e-01,-1.462160805799352126e+01
3.331896809424015810e+05,4.980016472419636324e+06,-2.658478365682624411e-01,-1.488760746950648439e+01
3.331885886289690970e+05,4.980017868214240298e+06,-2.698464984486332874e-01,-1.510137740518152150e+01
3.331876011766619049e+05,4.980019350202991627e+06,-2.738588648212778587e-01,-1.531544819405377922e+01
3.331867580246712896e+05,4.980020917356847785e+06,-2.774907909802475925e-01,-1.550884460981018442e+01
3.331861146776556270e+05,4.980022579343816265e+06,-2.747967435852704532e-01,-1.536542373943068718e+01
3.331856316963012796e+05,4.980024337192838080e+06,-2.667939729052105635e-01,-1.493822681617454506e+01
3.331848500530601013e+05,4.980027959244239144e+06,-2.526803448543142316e-01,-1.418069083756343751e+01
3.331844950169130461e+05,4.980029780452546664e+06,-2.494341961277981579e-01,-1.400572818579910361e+01
3.331841396911697229e+05,4.980031590552220121e+06,-2.490530169628289159e-01,-1.398516562379485961e+01
3.331837758981612278e+05,4.980033378640394658e+06,-2.448642459140662753e-01,-1.375896276401103435e+01
3.331833805540906033e+05,4.980035167551816441e+06,-2.366540937190316218e-01,-1.331433073029092107e+01
3.331829451914796373e+05,4.980036935274960473e+06,-2.278454681934710679e-01,-1.283546606791823308e+01
3.331824537448710762e+05,4.980038671112784185e+06,-2.215204806831760354e-01,-1.249048727784213675e+01
3.331818670650452841e+05,4.980040387202993035e+06,-2.183261196341354238e-01,-1.231590775097584256e+01
3.331811135820258642e+05,4.980042063180542551e+06,-2.164918716221759798e-01,-1.221555637965724372e+01
3.331791424575874116e+05,4.980045171573559754e+06,-2.165094521663304961e-01,-1.221651857032168564e+01
3.331779560776997823e+05,4.980046592057265341e+06,-2.146654716446463051e-01,-1.211555870060353790e+01
3.331766648380004335e+05,4.980047926347442903e+06,-2.160866860187752592e-01,-1.219337846126844482e+01
3.331753090471035102e+05,4.980049206741081551e+06,-2.141332934713270353e-01,-1.208640714999373778e+01
3.331738811070589582e+05,4.980050444552706555e+06,-2.073847311406996630e-01,-1.171618902916475413e+01
3.331724368122366723e+05,4.980051660558966920e+06,-1.981951696109104932e-01,-1.121046616237296334e+01
3.331709758727675071e+05,4.980052843651214615e+06,-1.921389298132370471e-01,-1.087620222655120017e+01
3.331695309993091505e+05,4.980054037440834567e+06,-1.918275696117132112e-01,-1.085899675312450086e+01
3.331681340329350205e+05,4.980055252213189378e+06,-1.980316138750018440e-01,-1.120144902199254666e+01
3.331655574204339646e+05,4.980057842831535265e+06,-2.052551644715029100e-01,-1.159915574731401122e+01
3.331643865317145828e+05,4.980059251797604375e+06,-2.045440555424540841e-01,-1.156005385622489889e+01
3.331633283916673390e+05,4.980060746751621366e+06,-1.979252906413740132e-01,-1.119558691737744560e+01
3.331624306168999756e+05,4.980062337567212991e+06,-1.926829321618992175e-01,-1.090625852140236773e+01
3.331617162909562467e+05,4.980064001409483142e+06,-1.934351991077290500e-01,-1.094781148685267169e+01
3.331611065358365886e+05,4.980065740336690098e+06,-1.965705724998030868e-01,-1.112087412675608888e+01
3.331605528652354842e+05,4.980067511149136350e+06,-2.017175142200713922e-01,-1.140452260352319414e+01
3.331600944281569682e+05,4.980069301708973013e+06,-1.997602838671618808e-01,-1.129672540129017122e+01
3.331597315144117456e+05,4.980071123124842532e+06,-1.911800633286399320e-01,-1.082320981675738025e+01
3.331590857249788241e+05,4.980074808332989924e+06,-1.817190134908299726e-01,-1.029934626781764351e+01
3.331587701386058470e+05,4.980076628513935953e+06,-1.783009354771059041e-01,-1.010965176805429877e+01
3.331584460849055904e+05,4.980078426683410071e+06,-1.766443725958031230e-01,-1.001763590646486257e+01
3.331580893207918853e+05,4.980080181241592392e+06,-1.837240939418997021e-01,-1.041051720041366480e+01
3.331576449217862682e+05,4.980081904738011770e+06,-1.945430313733418071e-01,-1.100898358016798007e+01
3.331570258326237090e+05,4.980083588328232057e+06,-2.026420351829011091e-01,-1.145541349977980339e+01
3.331562232959868852e+05,4.980085198892153800e+06,-2.061157963111812930e-01,-1.164646483431028479e+01
3.331552522178260842e+05,4.980086702692165039e+06,-2.111198939006899422e-01,-1.192122028541859180e+01
3.331541201960677281e+05,4.980088088413838297e+06,-2.186840746603189167e-01,-1.233548247794957575e+01
3.331515091531624785e+05,4.980090568775163032e+06,-2.218578367508739491e-01,-1.250891090734590527e+01
3.331500862160229008e+05,4.980091695300027728e+06,-2.120045718556606562e-01,-1.196973705424435508e+01
3.331486548118169885e+05,4.980092799813738093e+06,-2.052431479798182967e-01,-1.159849508492325931e+01
3.331472149405331584e+05,4.980093882316301577e+06,-1.962953667746900055e-01,-1.110569182330895011e+01
3.331457668920700671e+05,4.980094953916389495e+06,-1.904984789586296745e-01,-1.078553018825827969e+01
3.331443664605135564e+05,4.980096035390365869e+06,-1.917847181067608431e-01,-1.085662866379685809e+01
3.331430463565113023e+05,4.980097170349437743e+06,-1.932436697167524142e-01,-1.093723308329773047e+01
3.331418390008077840e+05,4.980098391296129674e+06,-1.990854055445950288e-01,-1.125953669797542567e+01
3.331407525710613700e+05,4.980099709133183584e+06,-2.066888660117069954e-01,-1.167795765413285736e+01
3.331390146387462155e+05,4.980102678060059436e+06,-2.178781975559249684e-01,-1.229140907329200161e+01
3.331384017050230177e+05,4.980104294794456102e+06,-2.195243396398983138e-01,-1.238142076911400657e+01
3.331379170049532549e+05,4.980105985995797440e+06,-2.168424049129707154e-01,-1.223473989428057784e+01
3.331375357155425008e+05,4.980107707846970297e+06,-2.157930945462961103e-01,-1.217730635212083712e+01
3.331372341735083610e+05,4.980109460965543985e+06,-2.119438201599917471e-01,-1.196640591668804099e+01
3.331369723602711456e+05,4.980111224163493142e+06,-2.087592107298819333e-01,-1.179167290400812718e+01
3.331367260327507975e+05,4.980112975841065869e+06,-2.127753870787343349e-01,-1.201199526469284251e+01
3.331364633500877535e+05,4.980114705713052303e+06,-2.181178481602018271e-01,-1.230451710655041886e+01
3.331361846022196114e+05,4.980116424888118170e+06,-2.284376359268076861e-01,-1.286771620557092355e+01
3.331355304248527391e+05,4.980119787948030978e+06,-2.418540001605122836e-01,-1.359613192140463056e+01
3.331351076690674527e+05,4.980121433068085462e+06,-2.483467788002371723e-01,-1.394705816759414319e+01
3.331345026261975290e+05,4.980123049597105943e+06,-2.563271405165601924e-01,-1.437692609281808309e+01
3.331337062489159871e+05,4.980124593306356110e+06,-2.603002452250067766e-01,-1.459032853034405619e+01
3.331327661535539664e+05,4.980126074069357477e+06,-2.624531500556024355e-01,-1.470579260838210978e+01
3.331316972457908560e+05,4.980127458148435690e+06,-2.586907970746584184e-01,-1.450393173864949503e+01
3.331305153010780341e+05,4.980128745131912641e+06,-2.501424489671238982e-01,-1.404392483358544119e+01
3.331292127216532826e+05,4.980129946334390901e+06,-2.403452011505242125e-01,-1.351443318534476035e+01
3.331278382835038938e+05,4.980131116064025089e+06,-2.244003411410766813e-01,-1.264767693057546083e+01
3.331249924366388586e+05,4.980133369125436060e+06,-2.029990292969875432e-01,-1.147505959074783455e+01
3.331235686440985883e+05,4.980134462330639362e+06,-1.965139332840698250e-01,-1.111774963431268226e+01
3.331221688051093370e+05,4.980135566027193330e+06,-1.953621940111399946e-01,-1.105419963494619218e+01
3.331208250503920717e+05,4.980136701608879492e+06,-2.018347821557514854e-01,-1.141097870988156160e+01
3.331195771084059961e+05,4.980137879154901952e+06,-2.103581311012574506e-01,-1.187943042052090803e+01
3.331184100736132823e+05,4.980139132402976044e+06,-2.218362298995240622e-01,-1.250773099656911924e+01
3.331173090405089315e+05,4.980140495090838522e+06,-2.294762277278339924e-01,-1.292425907874068791e+01
3.331163368207189487e+05,4.980141954462669790e+06,-2.281528849160172623e-01,-1.285220937098633343e+01
3.331155568057297496e+05,4.980143519979950972e+06,-2.206741491652643716e-01,-1.244425602562336408e+01
3.331143502146848477e+05,4.980146886346237734e+06,-2.027816300192898380e-01,-1.146309600457997746e+01
3.331138748625200242e+05,4.980148632887195796e+06,-2.019471398967435938e-01,-1.141716421335547871e+01
3.331134313513654633e+05,4.980150389713295735e+06,-2.036027980713349672e-01,-1.150827995299159490e+01
3.331129796628343174e+05,4.980152135636662133e+06,-2.063904340580162977e-01,-1.166155833524444496e+01
3.331125197969302535e+05,4.980153870657300577e+06,-2.064671592182436011e-01,-1.166577469213074991e+01
3.331120432860285509e+05,4.980155572763770819e+06,-1.996070660627016213e-01,-1.128828328507459133e+01
3.331115182894472964e+05,4.980157231671000831e+06,-1.887608037430967001e-01,-1.068942465062328573e+01
3.331109056588084204e+05,4.980158859517145902e+06,-1.815721645098416215e-01,-1.029120118885189150e+01
3.331101659557989915e+05,4.980160457331727259e+06,-1.852486896182071741e-01,-1.049499486720733721e+01
3.331082705925088376e+05,4.980163441494653001e+06,-2.052541287259945224e-01,-1.159909880252164882e+01
3.331071298377308995e+05,4.980164794105315581e+06,-2.080665891845983051e-01,-1.175364058340737827e+01
3.331058763362241443e+05,4.980166060729508288e+06,-2.024413318932503647e-01,-1.144436720212385872e+01
3.331045498163130251e+05,4.980167251446435228e+06,-1.905885783090686125e-01,-1.079051164001877794e+01
3.331031669232865097e+05,4.980168399170332588e+06,-1.796072854726431800e-01,-1.018217749485189572e+01
3.331017597877810476e+05,4.980169525294933468e+06,-1.730482517000081488e-01,-9.817705660517574984e+00
3.331003444751125062e+05,4.980170640517103486e+06,-1.682443522917194123e-01,-9.550251270092525502e+00
3.330989367605971638e+05,4.980171744425021112e+06,-1.676502146233937174e-01,-9.517143536451770913e+00
3.330975290465657599e+05,4.980172848333262838e+06,-1.667072869968668769e-01,-9.464586664605155519e+00
3.330947623959226185e+05,4.980175110458551906e+06,-1.629645088252946183e-01,-9.255814024585228950e+00
3.330934271222835523e+05,4.980176268057819456e+06,-1.679365034230263509e-01,-9.533097498689540927e+00
3.330921242697751150e+05,4.980177458159700036e+06,-1.781445396911935375e-01,-1.010096681282563047e+01
3.330908538384012645e+05,4.980178680764174089e+06,-1.885203329439061881e-01,-1.067612013354189671e+01
3.330896155381498393e+05,4.980179924762553535e+06,-1.995962366652143660e-01,-1.128768657954119448e+01
3.330884017713854555e+05,4.980181201469413005e+06,-2.081674033709145222e-01,-1.175917701316124386e+01
3.330872364910757169e+05,4.980182521375625394e+06,-2.139353164164108090e-01,-1.207556077996254196e+01
3.330861354725087294e+05,4.980183884069308639e+06,-2.170689512974688373e-01,-1.224713653877403985e+01
3.330850838104534196e+05,4.980185323288287967e+06,-2.126033067696840861e-01,-1.200256249709412160e+01
3.330831501886409242e+05,4.980188352923582308e+06,-1.955102146041206024e-01,-1.106236857499511750e+01
3.330822358082170249e+05,4.980189910837574862e+06,-1.855813555815114813e-01,-1.051342173057341078e+01
3.330813377835954889e+05,4.980191490557177924e+06,-1.761322460136023060e-01,-9.989178602690822473e+00
3.330804394694083603e+05,4.980193059168255888e+06,-1.687497815986092331e-01,-9.578410752456813171e+00
3.330795248003513552e+05,4.980194605974013917e+06,-1.630345595802296654e-01,-9.259723760026043138e+00
3.330786168592449394e+05,4.980196108139309101e+06,-1.526117873716739126e-01,-8.677060724295550642e+00
3.330777077584342915e+05,4.980197565870075487e+06,-1.402455536170924277e-01,-7.983408659603457025e+00
3.330767974978989223e+05,4.980198979166315868e+06,-1.316350713308354070e-01,-7.499018557528814632e+00
3.330758773198689451e+05,4.980200314907965250e+06,-1.230545698955272105e-01,-7.015240109460846973e+00
3.330740311641125008e+05,4.980202764218346216e+06,-1.164333999353547588e-01,-6.641238965393952753e+00
3.330731130739386426e+05,4.980203877581129782e+06,-1.103582706933875501e-01,-6.297579685644971725e+00
3.330722242141881725e+05,4.980204901250928640e+06,-1.031984453785062261e-01,-5.891978082055520538e+00
3.330713569872375811e+05,4.980205846542341635e+06,-9.666846302915846345e-02,-5.521538385756127099e+00
3.330705189906099695e+05,4.980206702140744776e+06,-8.906449757851057913e-02,-5.089590465937810393e+00
3.330697026266918401e+05,4.980207479360741563e+06,-8.306930487260810736e-02,-4.748617975401048241e+00
3.330689239607296186e+05,4.980208188899088651e+06,-7.882719178840080776e-02,-4.507145429716145735e+00
3.330681903001898318e+05,4.980208808332486078e+06,-7.628095521270694679e-02,-4.362129116854058353e+00
3.330674867399677169e+05,4.980209371398824267e+06,-7.378989867407312331e-02,-4.220201260988907244e+00
3.330662163758730749e+05,4.980210293868548237e+06,-7.115481850496846450e-02,-4.070011208326512531e+00
3.330656653471662430e+05,4.980210652859997936e+06,-6.793898118491890903e-02,-3.886644360771587703e+00
3.330651599038316635e+05,4.980210943963759579e+06,-6.434535904221097558e-02,-3.681642037037029969e+00
3.330646842706220923e+05,4.980211167591731064e+06,-5.975274483861794939e-02,-3.419514293957467199e+00
3.330642463351311162e+05,4.980211323537951335e+06,-5.493921975516288803e-02,-3.144624139133917140e+00
3.330638700502422871e+05,4.980211422293205746e+06,-4.919460228213031611e-02,-2.816372573878118235e+00
3.330635475283308187e+05,4.980211464063446037e+06,-4.405834033032009905e-02,-2.522725478482755523e+00
3.330632717519676080e+05,4.980211482380618341e+06,-3.959630858654938912e-02,-2.267516805951676151e+00
3.330630427211492788e+05,4.980211477244723588e+06,-2.963939826039279843e-02,-1.697715399813751747e+00
3.330626696828538552e+05,4.980211398055405356e+06,-2.489707864463733267e-02,-1.426202893044707487e+00
3.330625186579580186e+05,4.980211357533941977e+06,-1.787130425047593271e-02,-1.023841317881774016e+00
3.330623749405412818e+05,4.980211294589188881e+06,-1.373045646619274612e-02,-7.866477744147185591e-01
3.330622472884124145e+05,4.980211242341187783e+06,-1.109135841782646695e-02,-6.354619694605549984e-01
3.330621351214406313e+05,4.980211178572603501e+06,-6.637844753969446288e-03,-3.803149038482966926e-01
3.330620229544664035e+05,4.980211114804021083e+06,-3.126399783888234030e-03,-1.791289290644513532e-01
3.330619183850362897e+05,4.980211039720813744e+06,-2.412670514526309151e-03,-1.382355696163141690e-01
3.330618141056703171e+05,4.980210975746276788e+06,-4.505902723011996625e-03,-2.581674617295141028e-01
3.330617177139151609e+05,4.980210911565781571e+06,-5.054545551140848803e-03,-2.896016611644732230e-01
3.330616134345451137e+05,4.980210847591248341e+06,-5.945755147472274460e-03,-3.406626616368992333e-01
3.330615170427859994e+05,4.980210783410754986e+06,-6.092199104111635510e-03,-3.490529783074279302e-01
3.330614127634116448e+05,4.980210719436223619e+06,-2.071873158852786945e-03,-1.187094178292377733e-01
3.330613239691943163e+05,4.980210643941105343e+06,5.465771750595767309e-03,3.131625345743111466e-01
3.330612430625883862e+05,4.980210568240030669e+06,1.774442802466712557e-02,1.016574150197033566e+00
3.330611934163667611e+05,4.980210480606446043e+06,3.814750638476333000e-02,2.184631810167368737e+00
3.330611671429170528e+05,4.980210381246317178e+06,4.311276288678459606e-02,2.468650611804884765e+00
3.330611332719206694e+05,4.980210293200814165e+06,4.069220646077787579e-02,2.330206095049331960e+00
3.330610991108557209e+05,4.980210194046642631e+06,4.617258207664222402e-02,2.643616500579755169e+00
3.330610722572680097e+05,4.980210072469176725e+06,5.192220079497550378e-02,2.972253904841607230e+00
3.330610255675007938e+05,4.980209795782282017e+06,5.352498119889771699e-02,3.063831871754923775e+00
