easting,northing,height,dz_dx,dz_dy,tangent_x,tangent_y,tangent_derivative
3.334362898816561792e+05,4.979665040709275752e+06,2.250780000000000200e+03,2.853196815715220991e-01,-2.522344173101094267e-01,-9.996609058202498010e-01,2.603984206245773397e-02,-2.917910757176043202e-01
3.334362741051073535e+05,4.979665041120233946e+06,2.250759000000000015e+03,2.844063771976095834e-01,-2.517620638507537256e-01,-9.342829460667749775e-01,3.565324342732194007e-01,-3.554773694507200599e-01
3.334362586179249920e+05,4.979665052639852278e+06,2.250728000000000065e+03,2.851473957698049122e-01,-2.539699712286533906e-01,-7.109816400293725858e-01,7.032105712666324449e-01,-3.813289316467920465e-01
3.334362510190170724e+05,4.979665063953991979e+06,2.250706000000000131e+03,2.933306156249258501e-01,-2.611742779233601208e-01,-3.099347247661515259e-01,9.507578379293699644e-01,-3.392268354203754610e-01
3.334362513083836529e+05,4.979665075062650256e+06,2.250688999999999851e+03,2.933306156249258501e-01,-2.611742779233601208e-01,3.590128885146301463e-01,9.333326019594416767e-01,-1.384529967738087342e-01
3.334362594860246172e+05,4.979665085965831764e+06,2.250688000000000102e+03,2.933306156249258501e-01,-2.611742779233601208e-01,2.603990525617056254e-02,9.996609041741353341e-01,-2.534474133762858461e-01
3.334362515977502335e+05,4.979665086171310395e+06,2.250675999999999931e+03,2.933306156249258501e-01,-2.611742779233601208e-01,-9.996609058202498010e-01,2.603984206245773397e-02,-3.000320858683256375e-01
3.334362437094757915e+05,4.979665086376789957e+06,2.250653999999999996e+03,2.933306156249258501e-01,-2.611742779233601208e-01,-9.996609042816032575e-01,2.603990113052006769e-02,-3.000321008440520187e-01
3.334362279329270823e+05,4.979665086787749082e+06,2.250635999999999967e+03,2.933306156249258501e-01,-2.611742779233601208e-01,-9.159850613315364543e-01,-4.012123719646010778e-01,-1.639001104018417976e-01
3.334362197552861180e+05,4.979665075884569436e+06,2.250619999999999891e+03,2.933306156249258501e-01,-2.611742779233601208e-01,-8.323588709255221874e-01,-5.542370521641347691e-01,-9.940387813211204460e-02
3.334362118670117343e+05,4.979665076090048999e+06,2.250606999999999971e+03,2.933306156249258501e-01,-2.611742779233601208e-01,0.000000000000000000e+00,0.000000000000000000e+00,0.000000000000000000e+00
3.334362197552861180e+05,4.979665075884569436e+06,2.250592000000000098e+03,2.933306156249258501e-01,-2.611742779233601208e-01,9.996609042816032575e-01,-2.603990113052006769e-02,3.000321008440520187e-01
3.334362197552861180e+05,4.979665075884569436e+06,2.250579999999999927e+03,2.933306156249258501e-01,-2.611742779233601208e-01,0.000000000000000000e+00,0.000000000000000000e+00,0.000000000000000000e+00
3.334362197552861180e+05,4.979665075884569436e+06,2.250568000000000211e+03,2.933306156249258501e-01,-2.611742779233601208e-01,0.000000000000000000e+00,0.000000000000000000e+00,0.000000000000000000e+00
3.334362197552861180e+05,4.979665075884569436e+06,2.250557999999999993e+03,2.933306156249258501e-01,-2.611742779233601208e-01,-2.603990525617056254e-02,-9.996609041741353341e-01,2.534474133762858461e-01
3.334362194659195375e+05,4.979665064775909297e+06,2.250547000000000025e+03,2.885016139612062713e-01,-2.582232198136136803e-01,-3.590129017466673900e-01,-9.333325968696463137e-01,1.374323467338720572e-01
3.334362112882785732e+05,4.979665053872730583e+06,2.250528999999999996e+03,2.885016139612062713e-01,-2.582232198136136803e-01,-6.000120511834589054e-01,-7.999909614705770222e-01,3.347179673011918544e-02
3.334362031106374925e+05,4.979665042969550937e+06,2.250514000000000124e+03,2.885016139612062713e-01,-2.582232198136136803e-01,-8.323588746309331654e-01,-5.542370465993107231e-01,-9.702000401309571198e-02
3.334361952223629924e+05,4.979665043175030500e+06,2.250492999999999938e+03,2.885016139612062713e-01,-2.582232198136136803e-01,-9.996609042916069221e-01,2.603990074648323758e-02,-2.951278913164313566e-01
3.334361952223629924e+05,4.979665043175030500e+06,2.250478999999999814e+03,2.885016139612062713e-01,-2.582232198136136803e-01,-6.000120047163594039e-01,-7.999909963219933307e-01,3.347181913539729048e-02
3.334361870447219117e+05,4.979665032271849923e+06,2.250454999999999927e+03,2.879645930721189684e-01,-2.563639918380980487e-01,-8.837622835596263826e-01,-4.679361346994638238e-01,-1.345302709408899289e-01
3.334361552022575634e+05,4.979665021985108964e+06,2.250422000000000025e+03,2.840692134329914076e-01,-2.549990568988403927e-01,-9.276062503698409012e-01,-3.735594253593449432e-01,-1.682470767557814328e-01
3.334360833396870876e+05,4.979664990508447401e+06,2.250414999999999964e+03,2.850428552422765160e-01,-2.490966248118584303e-01,-9.658283930825937169e-01,-2.591823973874284870e-01,-2.107410224384680397e-01
3.334360041675751563e+05,4.979664981454584748e+06,2.250436000000000149e+03,2.859829678551806253e-01,-2.484001916019871192e-01,-9.996609031753173058e-01,2.603994360033600602e-02,-2.923543189184960034e-01
3.334359965686674695e+05,4.979664992768726312e+06,2.250425000000000182e+03,2.859829678551806253e-01,-2.484001916019871192e-01,2.555975129756128950e-01,9.667832804515609224e-01,-1.670526167645965676e-01
3.334360129239503876e+05,4.979665014575083740e+06,2.250409000000000106e+03,2.867201398941651713e-01,-2.485085660943081309e-01,7.803869294977321402e-01,6.252969216852914958e-01,6.836100820597110217e-02
3.334360368781407014e+05,4.979665025067306124e+06,2.250400000000000091e+03,2.856986892356804253e-01,-2.497809293805519637e-01,7.062037541954380160e-01,7.080086564161975904e-01,2.491442669783955344e-02
3.334360777663470944e+05,4.979665079583203420e+06,2.250411999999999807e+03,2.928452575445694706e-01,-2.570806286035311472e-01,4.928919947507727217e-01,8.700905019080511504e-01,-7.934233002803708912e-02
3.334360865227219765e+05,4.979665112703703344e+06,2.250431000000000040e+03,2.968220521142910240e-01,-2.594755958192587753e-01,2.603992855012640661e-02,9.996609035673568178e-01,-2.516583835412004588e-01
3.334360792131812195e+05,4.979665135126501322e+06,2.250447999999999865e+03,2.954507186536560748e-01,-2.565587541773921010e-01,-5.575490353041020475e-01,8.301440075260829721e-01,-3.777089755239690927e-01
3.334360637259995565e+05,4.979665146646121517e+06,2.250451000000000022e+03,2.954507186536560748e-01,-2.565587541773921010e-01,-8.938548358738954702e-01,4.483564791378076286e-01,-3.791198333459460112e-01
3.334360558377252892e+05,4.979665146851601079e+06,2.250445000000000164e+03,2.954507186536560748e-01,-2.565587541773921010e-01,-8.023752636708229025e-01,5.968198524254847426e-01,-3.901817060880787835e-01
3.334360482388177770e+05,4.979665158165740781e+06,2.250440000000000055e+03,2.968035048192538827e-01,-2.573081598700102668e-01,-3.517403476766270409e-01,9.360976059238297342e-01,-3.452633204157484759e-01
3.334360263101964956e+05,4.979665225434138440e+06,2.250465000000000146e+03,2.968035048192538827e-01,-2.573081598700102668e-01,-3.466279224831206318e-01,9.380027096736106573e-01,-3.442361334404070994e-01
3.334359818742214120e+05,4.979665337753613479e+06,2.250474999999999909e+03,2.984159759130000089e-01,-2.599130530715504928e-01,-3.426289203842085573e-01,9.394708206838313647e-01,-3.464266729280409129e-01
3.334359157989962841e+05,4.979665528450147249e+06,2.250443999999999960e+03,3.024209212223771814e-01,-2.663299642372890519e-01,-3.544993647067316012e-01,9.350562552181144182e-01,-3.562415234594510927e-01
3.334357307455855189e+05,4.979666000150856562e+06,2.250199000000000069e+03,2.974167266035079860e-01,-2.526732477166672153e-01,-3.730987448949563690e-01,9.277916396248719888e-01,-3.453939341949233133e-01
3.334356266758495476e+05,4.979666247418093495e+06,2.250025000000000091e+03,2.969491360895675225e-01,-2.541613908020957657e-01,-3.914418530431920118e-01,9.202028448587366016e-01,-3.501183549598169686e-01
3.334355299156591063e+05,4.979666472262533382e+06,2.249862999999999829e+03,2.952659792554507834e-01,-2.513337224131207415e-01,-4.041960932151984487e-01,9.146723556714559944e-01,-3.492333632136980226e-01
3.334354179576674942e+05,4.979666719735254534e+06,2.249737999999999829e+03,2.993948425696098536e-01,-2.550457274931361429e-01,-3.817178123186297789e-01,9.242789144834363535e-01,-3.500177324761462594e-01
3.334353071571583860e+05,4.979667011642616242e+06,2.249585999999999785e+03,3.015561658904374887e-01,-2.574227900284858372e-01,-3.318685229646447521e-01,9.433256508042516808e-01,-3.429105203004085278e-01
3.334352048236692208e+05,4.979667325561820529e+06,2.249416000000000167e+03,2.991767731050418710e-01,-2.527879671125130012e-01,-2.333914595925365432e-01,9.723828600861212923e-01,-3.156319902073926320e-01
3.334351433783909306e+05,4.979667693996917456e+06,2.249302000000000135e+03,2.978978247506857135e-01,-2.504359417176260649e-01,-1.536877811495095669e-01,9.881194593394770909e-01,-2.932438830243918049e-01
3.334350763598014601e+05,4.979668151506775990e+06,2.249262999999999920e+03,2.969131104765386775e-01,-2.469288264124831489e-01,-1.973329108664118037e-01,9.803365352209356676e-01,-3.006640784961214785e-01
3.334349476819089614e+05,4.979668666203784756e+06,2.249224000000000160e+03,2.986572488397740699e-01,-2.455306572102353146e-01,-2.992426808177839348e-01,9.541770370203770391e-01,-3.236507107830062235e-01
3.334345807585427538e+05,4.979669731800533831e+06,2.248871000000000095e+03,2.990478547998386416e-01,-2.413676916486075796e-01,-3.390068553076724389e-01,9.407839029524276420e-01,-3.284541118379938340e-01
3.334343734874210786e+05,4.979670259661034681e+06,2.248525999999999840e+03,3.000747107229770338e-01,-2.404131187691608551e-01,-3.550949231819278129e-01,9.348302495803292311e-01,-3.313004621743746991e-01
3.334341670844485052e+05,4.979670820847522467e+06,2.248215000000000146e+03,3.017908049912530477e-01,-2.388712500171447373e-01,-3.070746384612315083e-01,9.516854345916532232e-01,-3.200025917176309020e-01
3.334339936814376269e+05,4.979671436755386181e+06,2.247961999999999989e+03,3.018658554916035519e-01,-2.359387133132944403e-01,-2.403825535241767841e-01,9.706782309092937266e-01,-3.015838580067954910e-01
3.334338456794899539e+05,4.979672118698768318e+06,2.247782999999999902e+03,3.022909378318813234e-01,-2.318763542072035388e-01,-2.390336229973018534e-01,9.710112909110706347e-01,-2.974122560996961262e-01
3.334336439065836603e+05,4.979672857623832300e+06,2.247675999999999931e+03,3.046001792406826114e-01,-2.276191838618641106e-01,-2.984211392505087268e-01,9.544342950923486724e-01,-3.081466878036076551e-01
3.334333866265102988e+05,4.979673586878630333e+06,2.247547000000000025e+03,3.059096364115404532e-01,-2.218552569387393925e-01,-3.455383776678186414e-01,9.384046193187094431e-01,-3.138935174100481729e-01
3.334330983721949160e+05,4.979674339172694832e+06,2.247367999999999938e+03,3.082579858652255700e-01,-2.200844619338592767e-01,-3.627792011257979787e-01,9.318751264147615565e-01,-3.169208216393739619e-01
3.334328095392065006e+05,4.979675069249456748e+06,2.247054000000000087e+03,3.101947918582027564e-01,-2.153079838822063719e-01,-4.004807072010117541e-01,9.163051910579670389e-01,-3.215148529209344574e-01
3.334321597216027440e+05,4.979676486817749217e+06,2.246275999999999840e+03,3.151579538596694374e-01,-2.092367267736940650e-01,-4.633980259685374636e-01,8.861502522306601293e-01,-3.314587518932809451e-01
3.334317192756509176e+05,4.979677154146824963e+06,2.245918000000000120e+03,3.162311063077379858e-01,-2.074463851111288948e-01,-6.039585019452244907e-01,7.970157639144160866e-01,-3.563285043347330094e-01
3.334311371305125067e+05,4.979677836283343844e+06,2.245697999999999865e+03,3.175971624836813056e-01,-2.046708205935768299e-01,-6.478466513882344957e-01,7.617707767334287450e-01,-3.616665081836952234e-01
3.334305397877403302e+05,4.979678541048215702e+06,2.245469999999999800e+03,3.185302653113016302e-01,-2.020828915383950097e-01,-6.537724866660334921e-01,7.566911758957619583e-01,-3.611606644575648950e-01
3.334299187803316163e+05,4.979679246429610066e+06,2.245215999999999894e+03,3.186311959744231870e-01,-2.000137041541770744e-01,-6.683839188399564035e-01,7.438164673063796251e-01,-3.617414542668704325e-01
3.334292817071700701e+05,4.979679941113386303e+06,2.244898999999999887e+03,3.201272798496498373e-01,-1.984970655715148080e-01,-6.736576730364290944e-01,7.390435302193935074e-01,-3.623541704971595667e-01
3.334286525224047946e+05,4.979680635591740720e+06,2.244509000000000015e+03,3.210696996503011880e-01,-1.973450575002599627e-01,-6.706384354410529491e-01,7.417843951642395517e-01,-3.617091651574891875e-01
3.334280157389062224e+05,4.979681341384312138e+06,2.244081999999999880e+03,3.226928297625982767e-01,-1.974273336076235175e-01,-6.918374748097176896e-01,7.220532587343631015e-01,-3.658040420767789125e-01
3.334273307578777312e+05,4.979682015083917417e+06,2.243653999999999996e+03,3.245735975263652762e-01,-1.969316052700968711e-01,-7.716958662527189095e-01,6.359917373743668723e-01,-3.757189772855217269e-01
3.334256897018196760e+05,4.979683258383524604e+06,2.242873999999999796e+03,3.250822284364666692e-01,-2.028717221906939372e-01,-8.118267530689309286e-01,5.838983841402175523e-01,-3.823669207668785042e-01
3.334247970222120639e+05,4.979683837448301725e+06,2.242452000000000226e+03,3.249902853166924399e-01,-2.068891634303413607e-01,-8.343721731113281637e-01,5.512014847018102959e-01,-3.852004646512788844e-01
3.334239204086548416e+05,4.979684427210878581e+06,2.241920999999999822e+03,3.237428660649513401e-01,-2.116958583143578876e-01,-8.343720723820783336e-01,5.512016371790235958e-01,-3.868091097644197340e-01
3.334230277293653926e+05,4.979685006275909953e+06,2.241385000000000218e+03,3.230149830430090740e-01,-2.167539488938741710e-01,-8.707016055588012726e-01,4.918116652513698783e-01,-3.878517849104035076e-01
3.334220222995963995e+05,4.979685499348762445e+06,2.240954000000000178e+03,3.212644668824857774e-01,-2.217462129112741098e-01,-9.232291829846503983e-01,3.842497569101310795e-01,-3.818066596888158859e-01
3.334209193170379149e+05,4.979685883801165037e+06,2.240586999999999989e+03,3.163811926374796024e-01,-2.275521752925021013e-01,-9.532700128646677262e-01,3.021196494321350401e-01,-3.703446870025595694e-01
3.334197675581254298e+05,4.979686213943466544e+06,2.240253000000000156e+03,3.141631193658899757e-01,-2.340120100400947811e-01,-9.661256466182029934e-01,2.580721506605455073e-01,-3.639130295524065639e-01
3.334185676016340149e+05,4.979686511993009597e+06,2.239952000000000226e+03,3.103640982989011587e-01,-2.403373900668022145e-01,-9.740465501265956894e-01,2.263477814922808529e-01,-3.567089142824619308e-01
3.334173431122949114e+05,4.979686777333311737e+06,2.239572000000000116e+03,3.078290031361625156e-01,-2.461694089621936088e-01,-9.719058982872147423e-01,2.353697620224869669e-01,-3.571216590165576243e-01
3.334149671539545525e+05,4.979687383925688453e+06,2.238597000000000207e+03,3.032330348938790388e-01,-2.523444378090867191e-01,-9.656108886615608622e-01,2.599915608211749718e-01,-3.584125445459469539e-01
3.334138235732234316e+05,4.979687724972228520e+06,2.238036999999999807e+03,2.982943888735118954e-01,-2.539720751296401513e-01,-9.413313936228898671e-01,3.374836401664354502e-01,-3.665052932035655631e-01
3.334126600901893107e+05,4.979688211048084311e+06,2.237501000000000204e+03,2.925813646881125774e-01,-2.548679915955831543e-01,-9.030067048683887432e-01,4.296264551476485227e-01,-3.737009657927199413e-01
3.334115000802636496e+05,4.979688830428077839e+06,2.237072999999999865e+03,2.870348274740530115e-01,-2.551976324183870548e-01,-8.784012029149983469e-01,4.779239758763770829e-01,-3.740968048513408917e-01
3.334103640247053700e+05,4.979689460300409235e+06,2.236561000000000149e+03,2.844057928592083062e-01,-2.559775132496475702e-01,-8.774013105697644477e-01,4.797571679615218465e-01,-3.723450622067862037e-01
3.334092586540951161e+05,4.979690056024914607e+06,2.235985000000000127e+03,2.823323399355117669e-01,-2.566948736026223865e-01,-8.713282460331656099e-01,4.907006089916407521e-01,-3.719644733562880168e-01
3.334081702178428532e+05,4.979690695773227140e+06,2.235407000000000153e+03,2.797531710010475736e-01,-2.562609594484581144e-01,-8.409653661694630467e-01,5.410889510084834209e-01,-3.739227016203581222e-01
3.334071159395509167e+05,4.979691434677605517e+06,2.234836999999999989e+03,2.784619806258453734e-01,-2.539134719886194103e-01,-7.960369457896709910e-01,6.052480325766061986e-01,-3.753466539417475989e-01
3.334061113063219236e+05,4.979692261218341067e+06,2.234226999999999862e+03,2.776428335148932169e-01,-2.531261126326131983e-01,-7.380599170046463486e-01,6.747351768739306976e-01,-3.757101390395136686e-01
3.334051884499910520e+05,4.979693196790652350e+06,2.233635999999999967e+03,2.769399612315994186e-01,-2.513919054908005934e-01,-6.635346510394133368e-01,7.481455519282355082e-01,-3.718369964183838028e-01
3.334043552588144084e+05,4.979694241188987158e+06,2.233068999999999960e+03,2.782032514491258879e-01,-2.515941423561695589e-01,-5.869985938364249423e-01,8.095879512653705312e-01,-3.669925036618575387e-01
3.334036111539447447e+05,4.979695372195990756e+06,2.232588999999999942e+03,2.802206697506383071e-01,-2.517581593652862826e-01,-5.096886737275475587e-01,8.603589110794712669e-01,-3.594276773631376320e-01
3.334029640236068517e+05,4.979696589606109075e+06,2.232170000000000073e+03,2.823999421385383068e-01,-2.517727644710850421e-01,-4.289706012970805338e-01,9.033184506157401206e-01,-3.485722564946917013e-01
3.334024138677771552e+05,4.979697893419316038e+06,2.231768000000000029e+03,2.846687132361708783e-01,-2.502047973950882187e-01,-3.503677550702715693e-01,9.366122122879982914e-01,-3.340836068085840660e-01
3.334019603969947202e+05,4.979699272526919842e+06,2.231416000000000167e+03,2.854578454935883247e-01,-2.465542274415309099e-01,-2.953087247318909037e-01,9.554018825066362686e-01,-3.198565653550327070e-01
3.334015548346790019e+05,4.979700672618744895e+06,2.231068999999999960e+03,2.854594775947586482e-01,-2.394122770975959380e-01,-2.664800337379090167e-01,9.638404388793007094e-01,-3.068244854510968067e-01
3.334011740949761588e+05,4.979702116528671235e+06,2.230733000000000175e+03,2.855502660130205816e-01,-2.286627001675695936e-01,-2.490661914013927725e-01,9.684864646967478174e-01,-2.925776473028195435e-01
3.334008094213570002e+05,4.979703571136238985e+06,2.230353000000000065e+03,2.881744425666196707e-01,-2.161960905408379374e-01,-2.451190124406975590e-01,9.694929962305540716e-01,-2.802376303643474564e-01
3.334004441690635867e+05,4.979705003526513465e+06,2.229927999999999884e+03,2.939181675624726875e-01,-2.001129472465338066e-01,-2.730630593226839320e-01,9.619961359763022912e-01,-2.727660760351211522e-01
3.333996237108145724e+05,4.979707748372673057e+06,2.229005999999999858e+03,3.110976767145956501e-01,-1.733723988201559263e-01,-3.057886122447190380e-01,9.520994300079425043e-01,-2.601978889308925735e-01
3.333991372414272046e+05,4.979709072759335861e+06,2.228494000000000142e+03,3.210802456336939725e-01,-1.613639285406583412e-01,-3.881247669688150936e-01,9.216068387687902375e-01,-2.733332955885364735e-01
3.333985160936537432e+05,4.979710378422690555e+06,2.228036000000000058e+03,3.288861859115408959e-01,-1.555399435021236620e-01,-4.533909656270068145e-01,8.913117480925571989e-01,-2.877486043529122739e-01
3.333978306826562621e+05,4.979711641295699403e+06,2.227550000000000182e+03,3.372047320923280966e-01,-1.550712253233747784e-01,-4.901437402558818102e-01,8.716416200985211971e-01,-3.004453226912455199e-01
3.333971204495395068e+05,4.979712860350739211e+06,2.227014999999999873e+03,3.380236408197310194e-01,-1.524549095764684559e-01,-5.404701221203580541e-01,8.413632075953909606e-01,-3.109616301683308937e-01
3.333962983344924869e+05,4.979714026739988476e+06,2.226476000000000113e+03,3.375664355983390430e-01,-1.556071897776588331e-01,-6.121193909221845919e-01,7.907653579014786160e-01,-3.296797360708018099e-01
3.333953640481095063e+05,4.979715129354835488e+06,2.225931000000000040e+03,3.330932405693293186e-01,-1.613591102053678339e-01,-6.756448073060214998e-01,7.372273016922318289e-01,-3.440110597595655850e-01
3.333943257680719253e+05,4.979716179098452441e+06,2.225402999999999793e+03,3.255307615280554900e-01,-1.671015035696704343e-01,-7.444522030054834261e-01,6.676757577149873280e-01,-3.539117155768069511e-01
3.333931811788320774e+05,4.979717087101609446e+06,2.224934999999999945e+03,3.131733697751019063e-01,-1.717073688738776083e-01,-8.353768658182563200e-01,5.496776255730871918e-01,-3.560014869164617179e-01
3.333906317634549923e+05,4.979718609751933254e+06,2.224077999999999975e+03,2.888578738023326875e-01,-1.840456172632421172e-01,-8.739413123476050815e-01,4.860314625331839666e-01,-3.418967898440257169e-01
3.333892596479007043e+05,4.979719268011685461e+06,2.223666999999999916e+03,2.729864192681211721e-01,-1.894560850141176755e-01,-9.112663488330711159e-01,4.118174856467894385e-01,-3.267846661384730123e-01
3.333878387560907286e+05,4.979719871961683035e+06,2.223302999999999884e+03,2.620458408959266405e-01,-1.957077383334588361e-01,-9.259333111401267802e-01,3.776870441530674194e-01,-3.165532503403102327e-01
3.333863775551240542e+05,4.979720443613738753e+06,2.222936000000000149e+03,2.493334270889834836e-01,-2.004420894962989919e-01,-9.333786228569114218e-01,3.588932242237730108e-01,-3.046597985779863627e-01
3.333849236636901041e+05,4.979720992843268439e+06,2.222490999999999985e+03,2.411014520021639851e-01,-2.032910989889727404e-01,-9.324591144222272865e-01,3.612755180342500094e-01,-2.982613435188440909e-01
3.333834861278314493e+05,4.979721563879364170e+06,2.221972000000000207e+03,2.342485236962135453e-01,-2.059247895628507075e-01,-9.248012230094547759e-01,3.804506510971121247e-01,-2.949775414686399144e-01
3.333820965003822348e+05,4.979722155899819918e+06,2.221411000000000058e+03,2.302419780810493477e-01,-2.085954427110003062e-01,-9.139315758496593389e-01,4.058682971912912496e-01,-2.950876909893334066e-01
3.333807471826078254e+05,4.979722780218818225e+06,2.220847999999999956e+03,2.268126015460068257e-01,-2.118462502387414848e-01,-8.928335079133208341e-01,4.503868638705996741e-01,-2.979186589450406042e-01
3.333794475100758718e+05,4.979723492174081504e+06,2.220309999999999945e+03,2.210517385359509757e-01,-2.136264531365059394e-01,-8.331486704759304418e-01,5.530490872284207216e-01,-3.023148769826101701e-01
3.333771390885363799e+05,4.979725175293315202e+06,2.219293000000000120e+03,2.085774657125266107e-01,-2.177378113722865660e-01,-7.774952471327288839e-01,6.288888142478100685e-01,-2.991008622613097745e-01
3.333761388067106018e+05,4.979726168468944728e+06,2.218746999999999844e+03,2.028654689541488643e-01,-2.200964094378852764e-01,-6.604408737995144385e-01,7.508780541572204204e-01,-2.992462112255365181e-01
3.333752378152462770e+05,4.979727336916626431e+06,2.218326000000000022e+03,1.976236816894766379e-01,-2.230836607118074355e-01,-5.830504516083815369e-01,8.124359487856642748e-01,-2.964657624065368813e-01
3.333744478378538042e+05,4.979728524703956209e+06,2.217914000000000215e+03,1.950823131989656845e-01,-2.288263687887614473e-01,-4.974911800878797918e-01,8.674690344529704111e-01,-2.955515193981930189e-01
3.333738334274585941e+05,4.979729785729724914e+06,2.217563999999999851e+03,1.953584555755752405e-01,-2.352806901078446089e-01,-3.825870809848317955e-01,9.239194366737317754e-01,-2.921220239290109322e-01
3.333733636101677548e+05,4.979731143033436500e+06,2.217242000000000189e+03,1.952444832491700699e-01,-2.398751795231641448e-01,-2.892295119327669695e-01,9.572597815781949127e-01,-2.860933285540971927e-01
3.333729904777936172e+05,4.979732575631096959e+06,2.216909999999999854e+03,1.944440960214723624e-01,-2.447349572262449147e-01,-2.167144461782575804e-01,9.762350376920770900e-01,-2.810576847742574103e-01
3.333727207605476724e+05,4.979734038882486522e+06,2.216621000000000095e+03,1.935902994321905823e-01,-2.473870821688082811e-01,-1.670450095971474092e-01,9.859492708900843283e-01,-2.762494067185268243e-01
3.333724910633657128e+05,4.979735523323412053e+06,2.216356999999999971e+03,1.925228464291010022e-01,-2.468116543100876970e-01,-1.589155889638917407e-01,9.872921733632145092e-01,-2.742700961244623481e-01
3.333720074258739478e+05,4.979738470604666509e+06,2.215632999999999811e+03,1.931019692305388225e-01,-2.392960198978651420e-01,-1.607375374390191403e-01,9.869971854357234564e-01,-2.672232331339058353e-01
3.333717765711544198e+05,4.979739910610991530e+06,2.215108000000000175e+03,1.956558678673109841e-01,-2.318647230998117370e-01,-1.656922654327040445e-01,9.861775059165457380e-01,-2.610784383287393928e-01
3.333715290717414464e+05,4.979741317702472210e+06,2.214570999999999913e+03,1.988314844004372972e-01,-2.266175452247498334e-01,-2.031346275767685339e-01,9.791508173306334717e-01,-2.622823141624944787e-01
3.333712015327080153e+05,4.979742682414949872e+06,2.214027000000000044e+03,2.027684401512095391e-01,-2.248856704445856280e-01,-2.857839348853332684e-01,9.582940793730574391e-01,-2.734545692198608324e-01
3.333707305591756012e+05,4.979743995284277014e+06,2.213514000000000124e+03,2.116579472859686784e-01,-2.289295133221850298e-01,-3.784324565637929849e-01,9.256289082667485957e-01,-2.920020124291311525e-01
3.333701403947268846e+05,4.979745277911118232e+06,2.213016000000000076e+03,2.217826173899195563e-01,-2.358100600844076078e-01,-4.513117620294212484e-01,8.923663448684621136e-01,-3.105220652424768302e-01
3.333694544144601678e+05,4.979746518570153974e+06,2.212503999999999905e+03,2.338319143355410690e-01,-2.462756232554429159e-01,-5.135645965228485821e-01,8.580509339184495543e-01,-3.314048212755784650e-01
3.333686805065887165e+05,4.979747717055850662e+06,2.211945000000000164e+03,2.479328121575909150e-01,-2.587991713802403893e-01,-5.813934251015374644e-01,8.136225692842492530e-01,-3.547113536023838165e-01
3.333677789407838136e+05,4.979748863287411630e+06,2.211391000000000076e+03,2.568864810281841771e-01,-2.709518552840749495e-01,-6.985979497578629349e-01,7.155144335330424488e-01,-3.733303322151134140e-01
3.333656513089474174e+05,4.979750819605228491e+06,2.210324999999999818e+03,2.716258086087863788e-01,-2.925496603442183097e-01,-7.659678784523901163e-01,6.428788448682570822e-01,-3.961306320616790888e-01
3.333644573745673988e+05,4.979751651086629368e+06,2.209795000000000073e+03,2.785612936689383368e-01,-3.015147693129731077e-01,-8.502981725237769295e-01,5.263012614489210872e-01,-3.955477623774555918e-01
3.333631577097830595e+05,4.979752363045433536e+06,2.209295999999999822e+03,2.823429828332055802e-01,-3.069451241918320639e-01,-8.983219737548725492e-01,4.393377191513952451e-01,-3.884874763816445475e-01
3.333617683803908294e+05,4.979752966179216281e+06,2.208905999999999949e+03,2.882574000228336764e-01,-3.114290190613480669e-01,-9.273689025702279709e-01,3.741482574404043082e-01,-3.838415735151002872e-01
3.333603299852046184e+05,4.979753503894798458e+06,2.208519999999999982e+03,2.899691277342361095e-01,-3.127011578394086055e-01,-9.390682771714605748e-01,3.437306660893448274e-01,-3.797857864853495524e-01
3.333588910112284357e+05,4.979754019393389113e+06,2.208027999999999793e+03,2.916661343327089373e-01,-3.117109126198100988e-01,-9.403098460625833876e-01,3.403195460119219362e-01,-3.803378541457939632e-01
3.333574835901365150e+05,4.979754534069991671e+06,2.207423999999999978e+03,2.895555575946569538e-01,-3.118490655597048744e-01,-9.364658532765566257e-01,3.507587570496432661e-01,-3.805426829366643227e-01
3.333561158996014856e+05,4.979755058827663772e+06,2.206751000000000204e+03,2.871134368003525061e-01,-3.136581532424580487e-01,-9.310210949361623634e-01,3.649653692939504035e-01,-3.817830300309410507e-01
3.333547800514562987e+05,4.979755593871964142e+06,2.206032999999999902e+03,2.833783955225854245e-01,-3.150488213110952396e-01,-8.873718700981827467e-01,4.610544047706884863e-01,-3.967166635635931415e-01
3.333523542653836776e+05,4.979757013270985335e+06,2.204646000000000186e+03,2.736953557814093552e-01,-3.236723878665916376e-01,-8.242601071896925591e-01,5.662113348350037434e-01,-4.088631380768814605e-01
3.333512981963757193e+05,4.979757985672556795e+06,2.204056999999999789e+03,2.714795103909969365e-01,-3.281412522158287381e-01,-7.069433597379255474e-01,7.072701648751019698e-01,-4.240051547328300696e-01
3.333503464109336492e+05,4.979759022053624503e+06,2.203407999999999902e+03,2.701215080148113845e-01,-3.322285334128723955e-01,-6.489282382542661543e-01,7.608496182533144303e-01,-4.280654271306796876e-01
3.333494752445605700e+05,4.979760123030913062e+06,2.202751000000000204e+03,2.686948438023720187e-01,-3.333536133700841231e-01,-5.782053407795773037e-01,8.158912819083022905e-01,-4.273411006677483304e-01
3.333487171184614999e+05,4.979761321108008735e+06,2.202137999999999920e+03,2.694847651048565829e-01,-3.367967821337484735e-01,-4.698344179766755224e-01,8.827545636724392075e-01,-4.239221142253800645e-01
3.333481433155542472e+05,4.979762625543210655e+06,2.201603999999999814e+03,2.696453532875592862e-01,-3.372229748680563022e-01,-3.354525319390417870e-01,9.420571101667276626e-01,-4.081365176719373711e-01
3.333477462371365400e+05,4.979764047650718130e+06,2.201105000000000018e+03,2.732502944051460325e-01,-3.349929525184418555e-01,-2.206601706355323100e-01,9.753507518298725198e-01,-3.870310846862199949e-01
3.333474779751413153e+05,4.979765566446728073e+06,2.200635999999999967e+03,2.754483580910448426e-01,-3.333927765620239847e-01,-1.472195989316257003e-01,9.891038316023305077e-01,-3.703114695305760318e-01
3.333472894634059048e+05,4.979767116512815468e+06,2.200210000000000036e+03,2.737763534564414680e-01,-3.323906794194170233e-01,-1.183914625063583609e-01,9.929669992530495426e-01,-3.624657584081467099e-01
3.333469209075064864e+05,4.979770238656750880e+06,2.199280999999999949e+03,2.621121668528376136e-01,-3.342397430459913554e-01,-1.154251123911906041e-01,9.933161850234198953e-01,-3.622600727637395601e-01
3.333467478828909807e+05,4.979771777203022502e+06,2.198695000000000164e+03,2.563443308863087577e-01,-3.380430919807727586e-01,-1.081695695131164453e-01,9.941324580916505171e-01,-3.637882658908474509e-01
3.333465897660786286e+05,4.979773282012133859e+06,2.198068000000000211e+03,2.507125759636040230e-01,-3.388246874491346317e-01,-1.178459561432804031e-01,9.930318880180414309e-01,-3.660091823163126867e-01
3.333463919191260356e+05,4.979774776740564033e+06,2.197407000000000153e+03,2.461919383962432040e-01,-3.359118198485697149e-01,-1.446098589412785351e-01,9.894887511725353191e-01,-3.679827486100155642e-01
3.333461543420592789e+05,4.979776261388313957e+06,2.196673999999999978e+03,2.434342833824630903e-01,-3.342529178959132152e-01,-2.274100925846808119e-01,9.737990808121698150e-01,-3.808545971281173115e-01
3.333457102258638479e+05,4.979777695838237181e+06,2.195963000000000193e+03,2.412287452530139931e-01,-3.340168822402886928e-01,-3.692035880017148775e-01,9.293485409719327572e-01,-3.994806204465705668e-01
3.333450432153193979e+05,4.979779058284249157e+06,2.195306999999999789e+03,2.389950356498879158e-01,-3.314439404673504841e-01,-4.751288340357397999e-01,8.799162409387830674e-01,-4.051963388066301408e-01
3.333442795207001036e+05,4.979780345436871052e+06,2.194652000000000044e+03,2.372847380503093073e-01,-3.287444878109725965e-01,-5.680741148338782631e-01,8.229773994805116288e-01,-4.053446012037451029e-01
3.333433241948897485e+05,4.979781548654653132e+06,2.194050000000000182e+03,2.346143831394704726e-01,-3.250586051833131984e-01,-7.239415799204896862e-01,6.898612823330683153e-01,-3.940924534072183238e-01
3.333409213657705695e+05,4.979783545503188856e+06,2.193070000000000164e+03,2.280362471652219447e-01,-3.225125225926437911e-01,-8.046639245474517255e-01,5.937305521294091726e-01,-3.749780796906191371e-01
3.333395448556150077e+05,4.979784337283701636e+06,2.192653999999999996e+03,2.253888265677864156e-01,-3.225004630922053139e-01,-8.821998532877032284e-01,4.708751627121086081e-01,-3.506954477640613077e-01
3.333381187006324762e+05,4.979785041428854689e+06,2.192273999999999887e+03,2.219874392737556656e-01,-3.247611601855259766e-01,-9.070973478417490021e-01,4.209208970085294710e-01,-3.380629762782274006e-01
3.333366513680064818e+05,4.979785679950398393e+06,2.191911999999999807e+03,2.230278407842043453e-01,-3.261709347076609533e-01,-9.202125986687889059e-01,3.914189229600869568e-01,-3.329025049076790865e-01
3.333351676802982111e+05,4.979786296666179784e+06,2.191447000000000116e+03,2.264845832304211992e-01,-3.264797294537526984e-01,-9.212632008504001435e-01,3.889397315251753029e-01,-3.356328504122811363e-01
3.333336766838462790e+05,4.979786935805248097e+06,2.190851000000000113e+03,2.292585634048330823e-01,-3.263812694809945514e-01,-9.134468245180648038e-01,4.069581044504013145e-01,-3.422390094918194015e-01
3.333322259969868464e+05,4.979787607242594473e+06,2.190215999999999894e+03,2.296261772561283276e-01,-3.282862047129423422e-01,-9.059408224447159652e-01,4.234043294868296003e-01,-3.470255282645124395e-01
3.333308302377394866e+05,4.979788266132324003e+06,2.189532000000000153e+03,2.299141181105009701e-01,-3.299667116603338668e-01,-8.938437498339771858e-01,4.483785798660928634e-01,-3.534573030490071321e-01
3.333294677686481155e+05,4.979788990851872601e+06,2.188820999999999913e+03,2.279646040394397721e-01,-3.340535489225390231e-01,-8.423947943734639843e-01,5.388608451283961598e-01,-3.720445734347713751e-01
3.333270258653011988e+05,4.979790699703092687e+06,2.187503000000000156e+03,2.291640146557676616e-01,-3.425775627226377296e-01,-7.930626456325784446e-01,6.091400824951967996e-01,-3.904191445645570635e-01
3.333259622073234059e+05,4.979791683423419483e+06,2.186858999999999924e+03,2.335795139235829487e-01,-3.469894106028414971e-01,-6.882685772548507996e-01,7.254559707960114290e-01,-4.124909794488842429e-01
3.333250361225798842e+05,4.979792796952313744e+06,2.186273000000000138e+03,2.389246475495825917e-01,-3.485492700508155406e-01,-5.865460539125607609e-01,8.099158762733346117e-01,-4.224358966802944648e-01
3.333242554991825018e+05,4.979794040084094740e+06,2.185668000000000120e+03,2.426669172912598871e-01,-3.524977523451525152e-01,-4.869939354524825958e-01,8.734053508151318201e-01,-4.260507401043561737e-01
3.333235958040287369e+05,4.979795380109593272e+06,2.185068999999999960e+03,2.466084740348940818e-01,-3.500374415097995962e-01,-3.895156472214535981e-01,9.210198480867023418e-01,-4.184492905780103911e-01
3.333230956089319661e+05,4.979796782674668357e+06,2.184476999999999862e+03,2.506146577066079018e-01,-3.456015892206673601e-01,-2.636897401183992962e-01,9.646075476359756706e-01,-3.994544153977608314e-01
3.333228031112166354e+05,4.979798279871522449e+06,2.184027000000000044e+03,2.516230266039788943e-01,-3.431825943404251400e-01,-1.353617206758640501e-01,9.907962477601888196e-01,-3.740841526118835469e-01
3.333226780014698743e+05,4.979799839402260259e+06,2.183672000000000025e+03,2.510088591168503358e-01,-3.369856245170718689e-01,-6.646211355129749698e-02,9.977889493586780123e-01,-3.529231115328728130e-01
3.333225932010919787e+05,4.979801431230869144e+06,2.183282999999999902e+03,2.524076827473396567e-01,-3.373443901368197717e-01,-5.008734468621199587e-02,9.987448412393851171e-01,-3.495633999774093170e-01
3.333224390871907817e+05,4.979804603368192911e+06,2.182331000000000131e+03,2.472286658314715724e-01,-3.673195743749883002e-01,-4.913917619784170798e-02,9.987919409779982827e-01,-3.790244436206567924e-01
3.333223610168236773e+05,4.979806150556546636e+06,2.181724000000000160e+03,2.479652583635834628e-01,-3.850609482197319688e-01,-5.012266264813384359e-02,9.987430694072733095e-01,-3.970056323272654897e-01
3.333222832361009205e+05,4.979807708853568882e+06,2.181041999999999916e+03,2.504026778182196211e-01,-3.959212227117215321e-01,-4.839175099690107978e-02,9.988284329330308076e-01,-4.075747984800148216e-01
3.333222121852352284e+05,4.979809222510323860e+06,2.180275000000000091e+03,2.570816811408987435e-01,-4.031013176291757816e-01,-4.219796537866914166e-02,9.991092691582341700e-01,-4.135905867334807029e-01
3.333221563314719824e+05,4.979810713538508862e+06,2.179440999999999804e+03,2.612335726692054938e-01,-4.045016599758907705e-01,-9.335633182926464380e-02,9.956327612666149296e-01,-4.271229127537761738e-01
3.333219342485780362e+05,4.979812186667505652e+06,2.178666000000000167e+03,2.655096797302168299e-01,-4.078894823365377120e-01,-1.945337847427721090e-01,9.808958184199038088e-01,-4.517476904851294717e-01
3.333215912381786620e+05,4.979813562902947888e+06,2.177932999999999993e+03,2.677467283055120495e-01,-4.111476225677898610e-01,-2.760082622014831677e-01,9.611552627939554672e-01,-4.690770104059911461e-01
3.333211527020905633e+05,4.979814908279944211e+06,2.177193999999999960e+03,2.704806750073741051e-01,-4.133224780199842852e-01,-3.874770930871029861e-01,9.218793317635277651e-01,-4.858385155280032786e-01
3.333204763651346439e+05,4.979816215391146950e+06,2.176489000000000033e+03,2.722557403946979093e-01,-4.143694540139585825e-01,-5.682939099252123372e-01,8.228256388457486636e-01,-4.956750899256859855e-01
3.333186273909988813e+05,4.979818564646264538e+06,2.175081000000000131e+03,2.775238077858815933e-01,-4.190370999686439113e-01,-6.521029082222554729e-01,7.581304617861469586e-01,-4.986588722628434445e-01
3.333175421020459617e+05,4.979819626745708287e+06,2.174416999999999916e+03,2.786150280808207258e-01,-4.186920168623990968e-01,-7.411139619640325638e-01,6.713792485488171424e-01,-4.875866189781634663e-01
3.333163911024676636e+05,4.979820590512447990e+06,2.173726000000000113e+03,2.782410584801911502e-01,-4.181187304110625114e-01,-7.895998592493972401e-01,6.136220842451256541e-01,-4.762659874301242158e-01
3.333151591952466406e+05,4.979821478575112298e+06,2.173061999999999898e+03,2.770887069205967834e-01,-4.169891147510746965e-01,-8.416805163406751999e-01,5.399758405822379093e-01,-4.583842136644526999e-01
3.333137902949969284e+05,4.979822259047210217e+06,2.172494999999999891e+03,2.773213999935904561e-01,-4.157011683722142692e-01,-8.914460218231990973e-01,4.531269029483817601e-01,-4.355824417672515825e-01
3.333123469271686627e+05,4.979822908066403121e+06,2.172000000000000000e+03,2.768468948355418680e-01,-4.153493053661122536e-01,-9.163733050915551237e-01,4.003248252551667163e-01,-4.199697421153234522e-01
3.333108948027420556e+05,4.979823523965584114e+06,2.171460000000000036e+03,2.753424100861933677e-01,-4.160518648699947919e-01,-9.189693317893348201e-01,3.943290088627304235e-01,-4.170925501198498031e-01
3.333094508562656119e+05,4.979824150768122636e+06,2.170807999999999993e+03,2.718358844460541657e-01,-4.167638197385045151e-01,-9.156155528630915974e-01,4.020549208195503543e-01,-4.164591081705191211e-01
3.333080150877449196e+05,4.979824788474014029e+06,2.170090000000000146e+03,2.718640514132694697e-01,-4.169726207755627412e-01,-8.951285593980782274e-01,4.458081001394219034e-01,-4.292430485717942390e-01
3.333052819930147380e+05,4.979826227020730264e+06,2.168518999999999778e+03,2.769938041049722632e-01,-4.186053564351387979e-01,-8.658542276418256245e-01,5.002963686404068300e-01,-4.492629960328050065e-01
3.333040258449094836e+05,4.979827093485227786e+06,2.167713999999999942e+03,2.772547222447954707e-01,-4.192962812096811542e-01,-7.996626672866393726e-01,6.004495137378474956e-01,-4.734764988725302937e-01
3.333028587828995660e+05,4.979828046557135880e+06,2.166905000000000200e+03,2.745711778795860147e-01,-4.154763087285237577e-01,-7.327013213705092509e-01,6.805503461625082018e-01,-4.839312105701477629e-01
3.333018216954544187e+05,4.979829140751461498e+06,2.166139999999999873e+03,2.675348405358155546e-01,-4.105084083224653790e-01,-6.411161172482150450e-01,7.674438899389147695e-01,-4.865630679285676274e-01
3.333009221810431918e+05,4.979830364753827453e+06,2.165373000000000047e+03,2.602142022634215124e-01,-4.047090216533231755e-01,-5.540059373377881347e-01,8.325127154551326125e-01,-4.810856196193497025e-01
3.333001354169587139e+05,4.979831674746487290e+06,2.164619000000000142e+03,2.546387735219802773e-01,-4.011862934525491919e-01,-4.549501255023440383e-01,8.905169191572956944e-01,-4.731111240250867045e-01
3.332995177781477105e+05,4.979833113724472001e+06,2.163925000000000182e+03,2.531759069366145698e-01,-3.987765534799461165e-01,-3.301145285208729185e-01,9.439408869518481904e-01,-4.599985387386864022e-01
3.332990996583403321e+05,4.979834636430461891e+06,2.163280999999999949e+03,2.542234807929284468e-01,-3.960125599273688346e-01,-2.229876486344405662e-01,9.748212700574825362e-01,-4.427301628367905639e-01
3.332988091959464946e+05,4.979836211389322765e+06,2.162688999999999851e+03,2.546945699905452387e-01,-3.935943503228266915e-01,-1.369027748652683063e-01,9.905844891952375608e-01,-4.247568518394906345e-01
3.332984289487325586e+05,4.979839489469670691e+06,2.161541000000000167e+03,2.536447534594630238e-01,-3.937304932969115656e-01,-1.065877401973603783e-01,9.943033006279421437e-01,-4.185229501271477970e-01
3.332982822096594027e+05,4.979841127378757112e+06,2.160889000000000124e+03,2.550154045090866073e-01,-3.948603805890325558e-01,-9.717170294579993706e-02,9.952676324218593384e-01,-4.177720372596007148e-01
3.332981112272700993e+05,4.979842743687494658e+06,2.160135000000000218e+03,2.549033006118370803e-01,-3.954226360733201773e-01,-1.109094615394463357e-01,9.938305143941948971e-01,-4.212542696273428033e-01
3.332979238896374591e+05,4.979844338190231472e+06,2.159338000000000193e+03,2.569484021455545886e-01,-3.959137870195946207e-01,-1.196011498102398096e-01,9.928220207892594074e-01,-4.238032504256346034e-01
3.332977283744498855e+05,4.979845921789973043e+06,2.158498999999999796e+03,2.540744467090864100e-01,-3.940442038502442457e-01,-1.629444902109404847e-01,9.866352381249600123e-01,-4.301779280921848581e-01
3.332974057816563291e+05,4.979847475354247727e+06,2.157630000000000109e+03,2.498727909521400448e-01,-3.908604147291684927e-01,-2.732406956507891782e-01,9.619456960973797877e-01,-4.442619089475274841e-01
3.332968535666668322e+05,4.979849001556622796e+06,2.156829000000000178e+03,2.448452057198730880e-01,-3.845694701370949153e-01,-4.001329853876224307e-01,9.164570879232637468e-01,-4.504120598285739629e-01
3.332961097217506031e+05,4.979850443825556897e+06,2.156041999999999916e+03,2.402540999577104930e-01,-3.785045939921095060e-01,-5.128876372495433378e-01,8.584557481644472521e-01,-4.481528020860024442e-01
3.332951669382082764e+05,4.979851824584105052e+06,2.155315999999999804e+03,2.337261159234638175e-01,-3.725186537999316538e-01,-6.488301176991551067e-01,7.609332942949076362e-01,-4.351103897262735831e-01
3.332928622154264012e+05,4.979854252427559346e+06,2.153952000000000226e+03,2.260512999278235513e-01,-3.705280724990788199e-01,-7.199436826388661004e-01,6.940324875885766076e-01,-4.199027252132763177e-01
3.332915402956998441e+05,4.979855320701624267e+06,2.153340999999999894e+03,2.240974382342690863e-01,-3.717073890495372068e-01,-8.047406475677217896e-01,5.936265578225792261e-01,-4.009956954416082908e-01
3.332901284219255904e+05,4.979856269043012522e+06,2.152773999999999887e+03,2.238031794050626411e-01,-3.681795568530380480e-01,-8.529145589677674666e-01,5.220505292601651526e-01,-3.830933225757547356e-01
3.332886189956553280e+05,4.979857108766112477e+06,2.152347999999999956e+03,2.219119970766476879e-01,-3.619764454066819459e-01,-8.840539961450103457e-01,4.673847792772439780e-01,-3.653644688480935931e-01
3.332870762797469506e+05,4.979857882660285570e+06,2.151853000000000065e+03,2.185439305294410162e-01,-3.537518304827076965e-01,-8.853999270183366965e-01,4.648300433878215787e-01,-3.579332588528658654e-01
3.332855665645901463e+05,4.979858711275465786e+06,2.151239999999999782e+03,2.142253997058625736e-01,-3.440567916910979296e-01,-8.723164128603351219e-01,4.889417918878251612e-01,-3.550960764556111426e-01
3.332840810932287714e+05,4.979859561491317116e+06,2.150545999999999822e+03,2.089593418448696949e-01,-3.365076711267193654e-01,-8.633801654746988685e-01,5.045539513916045271e-01,-3.501976262800805539e-01
3.332826198656699271e+05,4.979860433307825588e+06,2.149815999999999804e+03,2.032809377123354355e-01,-3.292899270070193118e-01,-8.419560227598249513e-01,5.395461571899636821e-01,-3.488207245371665599e-01
3.332812240600279765e+05,4.979861392348562367e+06,2.149057999999999993e+03,1.979380570110099991e-01,-3.199323765075574588e-01,-7.638782351234565393e-01,6.453603969137501339e-01,-3.576722591418131092e-01
3.332787505110373022e+05,4.979863702321297489e+06,2.147672000000000025e+03,1.906483900370539719e-01,-3.018075738362233640e-01,-6.960884619100222714e-01,7.179560245556405595e-01,-3.493927104787528104e-01
3.332777189372992143e+05,4.979865007584437728e+06,2.147023000000000138e+03,1.884849011439220512e-01,-2.922774448386106783e-01,-5.655626202179568907e-01,8.247053550282057444e-01,-3.476427884748423680e-01
3.332768798630213132e+05,4.979866430106658489e+06,2.146496000000000095e+03,1.849478335874811530e-01,-2.834757862931877037e-01,-4.459442715919474387e-01,8.950607279030443619e-01,-3.362044705541464285e-01
3.332762487745271064e+05,4.979867958367853425e+06,2.146054999999999836e+03,1.831767514254632190e-01,-2.755677033351821015e-01,-3.246607624286205751e-01,9.458305288682887779e-01,-3.201106503615238075e-01
3.332757941195993917e+05,4.979869593190695159e+06,2.145650000000000091e+03,1.810476010062842256e-01,-2.712744815121411190e-01,-2.342141453762095205e-01,9.721850307969628346e-01,-3.061328993054108771e-01
3.332754510559461196e+05,4.979871269568643533e+06,2.145273999999999887e+03,1.801939341365211278e-01,-2.724278234914803698e-01,-1.880815672526161830e-01,9.821534116724328634e-01,-3.014570738184643717e-01
3.332751480119519401e+05,4.979872967135518789e+06,2.144891000000000076e+03,1.781740974816446443e-01,-2.805390896121036648e-01,-1.640670485702673820e-01,9.864491895548606060e-01,-3.059700558918025948e-01
3.332748846979237278e+05,4.979874674782652408e+06,2.144523000000000138e+03,1.738446799900068562e-01,-2.895584136383779206e-01,-1.423331835864063977e-01,9.898188040495887741e-01,-3.113542294425730717e-01
3.332746602448328631e+05,4.979876359184050933e+06,2.144085000000000036e+03,1.699683199294183544e-01,-2.967012327191936860e-01,-1.346401526980484376e-01,9.908945601230467748e-01,-3.168841980323787721e-01
3.332742025820912095e+05,4.979879694866589271e+06,2.142862000000000080e+03,1.660693024860527278e-01,-3.009318047274489039e-01,-1.513497066788769274e-01,9.884802811833010017e-01,-3.225996951736166407e-01
3.332738980906581273e+05,4.979881336890248582e+06,2.142172000000000025e+03,1.673695416648565693e-01,-3.004447306123168571e-01,-2.199844026144453513e-01,9.755033893361753083e-01,-3.299035416595062498e-01
3.332734738309067907e+05,4.979882926455928944e+06,2.141521000000000186e+03,1.705840204268180005e-01,-2.990004976483441324e-01,-2.924849612178387348e-01,9.562701226439103142e-01,-3.358185031556931155e-01
3.332729452892592526e+05,4.979884452043611556e+06,2.140858000000000175e+03,1.755513381090024749e-01,-3.013399356973200938e-01,-3.619796526056959785e-01,9.321859959790533834e-01,-3.444508804694320636e-01
3.332723051571049145e+05,4.979885936076343060e+06,2.140235000000000127e+03,1.795465473736053141e-01,-3.022951936968995001e-01,-4.425722704749439074e-01,8.967328394826705740e-01,-3.505403505328581470e-01
3.332715058167993557e+05,4.979887368679633364e+06,2.139646000000000186e+03,1.844223631542285802e-01,-3.018090768955619674e-01,-5.345758813420119493e-01,8.451204808117072087e-01,-3.536527795016631837e-01
3.332705463994005695e+05,4.979888716527554207e+06,2.139070999999999913e+03,1.851387110458118934e-01,-2.957065264884212175e-01,-6.236807491184617191e-01,7.816791689555468992e-01,-3.466150818760789232e-01
3.332694496999400435e+05,4.979889945677111857e+06,2.138548999999999978e+03,1.811023344546532632e-01,-2.859929046073063086e-01,-7.086444018639822540e-01,7.055658096214971753e-01,-3.301239707610463259e-01
3.332682075407467782e+05,4.979891045225410722e+06,2.138099000000000160e+03,1.739250792308752180e-01,-2.758753685840910630e-01,-7.946402188691037427e-01,6.070806557251375857e-01,-3.056864626852929256e-01
3.332655027159112506e+05,4.979892961051359773e+06,2.137443999999999960e+03,1.520755157091885357e-01,-2.507204594480093029e-01,-8.273955088394780999e-01,5.616196862221454200e-01,-2.666361444668932101e-01
3.332641200889264001e+05,4.979893819706761278e+06,2.137108000000000175e+03,1.433684880204652012e-01,-2.402768196136884915e-01,-8.466438483936485904e-01,5.321599327055662743e-01,-2.492477445923533264e-01
3.332627535279878648e+05,4.979894689059734344e+06,2.136666999999999916e+03,1.352455567465005448e-01,-2.256390179522295703e-01,-8.437387890320423578e-01,5.367539994101048206e-01,-2.352245675800843927e-01
3.332613869674142916e+05,4.979895558413007297e+06,2.136146000000000186e+03,1.291497623662272443e-01,-2.125069197512975405e-01,-8.300985310622929214e-01,5.576167399999963914e-01,-2.257044438464088087e-01
3.332600849596301559e+05,4.979896481664265506e+06,2.135619999999999891e+03,1.297569492325248985e-01,-2.069265900154242110e-01,-7.944254119471081399e-01,6.073617248828472315e-01,-2.287615084829424106e-01
3.332589182068893570e+05,4.979897445853449404e+06,2.135219999999999800e+03,1.299264956463966891e-01,-2.060064963174826347e-01,-7.543041033369065618e-01,6.565251858756872005e-01,-2.332525420846961184e-01
3.332578466898020706e+05,4.979898429791696370e+06,2.134817000000000007e+03,1.360712856739235699e-01,-2.138414333979006265e-01,-7.167528857409373177e-01,6.973272551550231402e-01,-2.466469464630379194e-01
3.332568166408982943e+05,4.979899490462230518e+06,2.134380999999999858e+03,1.469521167279687623e-01,-2.312870235686956821e-01,-6.678607399082185925e-01,7.442862568187369465e-01,-2.702873024317116180e-01
3.332559060709903133e+05,4.979900592481947504e+06,2.133943000000000211e+03,1.589841645936317382e-01,-2.500713510125150418e-01,-5.763804938727820071e-01,8.171814524834540849e-01,-2.959890411513358410e-01
3.332543884417950176e+05,4.979902933117371053e+06,2.133050000000000182e+03,1.892848796859996074e-01,-2.999846033089619279e-01,-5.104514010643504962e-01,8.599066037375463489e-01,-3.545794734409800641e-01
3.332537813824368641e+05,4.979904171733006835e+06,2.132552000000000135e+03,2.014045374158629775e-01,-3.173952861583113072e-01,-4.104416692261417254e-01,9.118868549128550383e-01,-3.720934037857538401e-01
3.332532543619916542e+05,4.979905452726228163e+06,2.132027000000000044e+03,2.121652904888884361e-01,-3.343189873654958677e-01,-3.527532891491771405e-01,9.357163656762859105e-01,-3.876697518974639989e-01
3.332527994924429804e+05,4.979906776302729733e+06,2.131449000000000069e+03,2.214343998243324951e-01,-3.456459712278155960e-01,-2.757070384372847238e-01,9.612417120350852384e-01,-3.933003477247595803e-01
3.332524801673088223e+05,4.979908151925445534e+06,2.130909000000000106e+03,2.281224403571381065e-01,-3.530017647144233495e-01,-1.693676664465958714e-01,9.855529379807228540e-01,-3.865384917140710641e-01
3.332523197607412003e+05,4.979909567868546583e+06,2.130443999999999960e+03,2.327769206762360654e-01,-3.565387861320993834e-01,-6.790281579073649543e-02,9.976919402339026188e-01,-3.715220816697880069e-01
3.332522861413161736e+05,4.979911002737548202e+06,2.130039999999999964e+03,2.392677273473552690e-01,-3.594489976563970401e-01,-1.125615447978320621e-03,9.999993664947309790e-01,-3.597180933936678926e-01
3.332523164948578924e+05,4.979912469286828302e+06,2.129657999999999902e+03,2.465169209981380172e-01,-3.610227730005337032e-01,3.138730002457455759e-02,9.995072973206186040e-01,-3.531073955524557384e-01
3.332523792694307631e+05,4.979913968339242041e+06,2.129259000000000015e+03,2.520007077719553235e-01,-3.575016655080023864e-01,3.313283699381369685e-02,9.994509568321705562e-01,-3.489558832881337058e-01
3.332524645095975138e+05,4.979916934146664105e+06,2.128266999999999825e+03,2.633576223989138598e-01,-3.442770326796288360e-01,2.607065810183558513e-02,9.996601026279569036e-01,-3.372941072888918090e-01
3.332524948631771840e+05,4.979918400695953518e+06,2.127668999999999869e+03,2.665221556127498337e-01,-3.422201822308524322e-01,-9.188092409207010642e-04,9.999995778947002867e-01,-3.424649207973869403e-01
3.332524618233329384e+05,4.979919857782302424e+06,2.127014000000000124e+03,2.676776974056840341e-01,-3.467360048001376649e-01,-5.900483174459666968e-02,9.982576971057082194e-01,-3.619261631526226597e-01
3.332523250811588368e+05,4.979921273108290508e+06,2.126360999999999876e+03,2.664952151171366967e-01,-3.530645407120611701e-01,-1.251897474309049130e-01,9.921328172871746176e-01,-3.836493861329186017e-01
3.332521085903155035e+05,4.979922657165446319e+06,2.125688999999999851e+03,2.649038297889462767e-01,-3.594297632298505407e-01,-2.075197444660473456e-01,9.782308294348253108e-01,-4.065780504737790402e-01
3.332517346300836653e+05,4.979924056445589289e+06,2.125016999999999825e+03,2.633046876423449367e-01,-3.641768479225055977e-01,-3.098932622295186845e-01,9.507713531784320882e-01,-4.278452631093474512e-01
3.332512096399693401e+05,4.979925415199715644e+06,2.124331999999999880e+03,2.613052657448913241e-01,-3.668975267424874898e-01,-4.078433415220623082e-01,9.130519200878547403e-01,-4.415681040064202145e-01
3.332505339097675169e+05,4.979926744536526501e+06,2.123672000000000025e+03,2.579144385956133045e-01,-3.672312771053786173e-01,-5.173020506196145396e-01,8.558028911056223542e-01,-4.476972566211103732e-01
3.332496735700191930e+05,4.979927956409638748e+06,2.123043000000000120e+03,2.541298787994766828e-01,-3.669691689388596689e-01,-6.334842336504865612e-01,7.737555981808827976e-01,-4.449317203452063385e-01
3.332486367984438548e+05,4.979929061722068116e+06,2.122447000000000116e+03,2.495939252097366667e-01,-3.667293104792546110e-01,-7.202316594899559332e-01,6.937336352436316300e-01,-4.341779046615843463e-01
3.332474791004650760e+05,4.979930070142520592e+06,2.121860000000000127e+03,2.403126336548168651e-01,-3.659292232563763347e-01,-7.844806813769543696e-01,6.201532556927756845e-01,-4.154528177485915519e-01
3.332462083640330820e+05,4.979930981465335004e+06,2.121364000000000033e+03,2.303075512757018772e-01,-3.631883946468106861e-01,-8.298396775514946810e-01,5.580018902846399786e-01,-3.937781548306669710e-01
3.332448648980582948e+05,4.979931827987950295e+06,2.120947999999999865e+03,2.200317365916555912e-01,-3.595274083970395607e-01,-8.525316167554111146e-01,5.226756570115014267e-01,-3.755002365315499580e-01
3.332434814132293104e+05,4.979932653322161175e+06,2.120516000000000076e+03,2.126821553438865420e-01,-3.551012413097427989e-01,-8.615426870160036721e-01,5.076851371167413474e-01,-3.635143779799889785e-01
3.332420818631224101e+05,4.979933467959473841e+06,2.119983000000000175e+03,2.074798975771779963e-01,-3.496177351607039352e-01,-8.630684497822931345e-01,5.050869736890761796e-01,-3.556567173632728673e-01
3.332406980892606080e+05,4.979934282185642980e+06,2.119389000000000124e+03,2.037155285356670176e-01,-3.444573206645332175e-01,-8.588012626005586680e-01,5.123088827608656137e-01,-3.514196982262192126e-01
3.332393537554809591e+05,4.979935095383464359e+06,2.118742000000000189e+03,1.997121491825002149e-01,-3.419212913645994223e-01,-8.449349658739322422e-01,5.348690526134568524e-01,-3.516268951346784855e-01
3.332380424224995077e+05,4.979935963301967829e+06,2.118056000000000040e+03,1.923574033865492749e-01,-3.418591648075924305e-01,-8.117402888166391772e-01,5.840185814782602458e-01,-3.557963586772892040e-01
3.332368046890174155e+05,4.979936929347110912e+06,2.117373999999999796e+03,1.858842240709274451e-01,-3.416602881672838321e-01,-7.275918091431797796e-01,6.860103200883750363e-01,-3.696303225300671125e-01
3.332345987970262067e+05,4.979939210126057267e+06,2.116043999999999869e+03,1.728851587668227274e-01,-3.475761785865800757e-01,-6.671556783345016228e-01,7.449183182510893397e-01,-3.742571777879031836e-01
3.332336139934431994e+05,4.979940491945254616e+06,2.115376000000000204e+03,1.692240889613932098e-01,-3.518107087695090396e-01,-5.640634956358580032e-01,8.257314169214202693e-01,-3.859542862057326884e-01
3.332327664724352653e+05,4.979941892462341115e+06,2.114786000000000058e+03,1.680275202684800850e-01,-3.510077338570203875e-01,-4.718244144204177259e-01,8.816925325513593759e-01,-3.887603841667003346e-01
3.332320635424130596e+05,4.979943389254197478e+06,2.114250000000000000e+03,1.680902752010896284e-01,-3.490147869173235162e-01,-3.754588517991825913e-01,9.268390640265652403e-01,-3.865915201634929632e-01
3.332315057828100398e+05,4.979945004538103007e+06,2.113710999999999785e+03,1.693217703797041118e-01,-3.468851534699337602e-01,-2.955041428995112684e-01,9.553414580814679757e-01,-3.814290529330626733e-01
3.332310444172124844e+05,4.979946684005145915e+06,2.113222999999999956e+03,1.699241872005245457e-01,-3.422816682397299415e-01,-2.501660422405060924e-01,9.682029494427918381e-01,-3.739073821227957839e-01
3.332306382674101042e+05,4.979948362032035366e+06,2.112699000000000069e+03,1.725246979320039509e-01,-3.392331853352875126e-01,-2.272123408851814408e-01,9.738452403485248210e-01,-3.695603633846781255e-01
3.332302563611425576e+05,4.979950061659061350e+06,2.112157000000000153e+03,1.727265693468960361e-01,-3.361963227524484843e-01,-2.135362772963042555e-01,9.769351351438004816e-01,-3.653253886115101490e-01
3.332298978291429230e+05,4.979951749560223892e+06,2.111574000000000069e+03,1.739431361669868670e-01,-3.300165887246031549e-01,-2.106931929313985985e-01,9.775522382217598505e-01,-3.592570897055692991e-01
3.332295311196891125e+05,4.979953426558497362e+06,2.110929000000000087e+03,1.746115988255108886e-01,-3.212294057842609574e-01,-2.230972372042565322e-01,9.747961954951545049e-01,-3.520885679214562636e-01
3.332291325690153171e+05,4.979955093271111138e+06,2.110231999999999971e+03,1.748323062880540457e-01,-3.084024425458797292e-01,-2.523529944980879569e-01,9.676352443807779702e-01,-3.425405288873085152e-01
3.332286700459516142e+05,4.979956728303729557e+06,2.109547999999999774e+03,1.701188941621550321e-01,-3.010760031940368231e-01,-2.953031428988169838e-01,9.554036077983382169e-01,-3.378857437856423451e-01
3.332281280644536018e+05,4.979958343176523224e+06,2.108898999999999887e+03,1.657278248505196228e-01,-2.933997197415234570e-01,-3.428058468818870330e-01,9.394062759762638048e-01,-3.324340054446394688e-01
3.332274987366566784e+05,4.979959938095256686e+06,2.108206999999999880e+03,1.549184477587908504e-01,-2.842363747001567242e-01,-4.148747026398133531e-01,9.098785529451314247e-01,-3.228923262538985761e-01
3.332267020244343439e+05,4.979961470682782121e+06,2.107539999999999964e+03,1.499049496595180886e-01,-2.819068436565807523e-01,-5.140599659986988534e-01,8.577542488133862442e-01,-3.188669262410117056e-01
3.332256984883082332e+05,4.979962941967901774e+06,2.106972999999999956e+03,1.473610662716273445e-01,-2.807034930806162620e-01,-6.047632708793502232e-01,7.964052901602987067e-01,-3.126723072945756243e-01
3.332245576707840664e+05,4.979964294555648230e+06,2.106501000000000204e+03,1.475005915190552575e-01,-2.806551354026315948e-01,-6.835038441961036604e-01,7.299469124320948632e-01,-3.056805708698359103e-01
3.332232871700221440e+05,4.979965517131674103e+06,2.106110000000000127e+03,1.494783239966595012e-01,-2.821529730628318244e-01,-7.457824545009408279e-01,6.661895605295480305e-01,-2.994456764917489688e-01
3.332219042106596753e+05,4.979966664827868342e+06,2.105753000000000156e+03,1.488131587979743820e-01,-2.798142954499641677e-01,-7.916800781822442845e-01,6.109358835502753937e-01,-2.887610070124487782e-01
3.332190083198904758e+05,4.979968819100686349e+06,2.105005999999999858e+03,1.395702382557433008e-01,-2.761210018917381603e-01,-8.048360260665090582e-01,5.934972376898391966e-01,-2.762082078058057388e-01
3.332175441647602711e+05,4.979969879986128770e+06,2.104556999999999789e+03,1.380444295290855494e-01,-2.770161905629331955e-01,-8.075860435909458790e-01,5.897497623544438738e-01,-2.748529872359865012e-01
3.332161036738236435e+05,4.979970940254637972e+06,2.104021999999999935e+03,1.399281582168958593e-01,-2.793032080031209730e-01,-8.046245353390943933e-01,5.937839313507453642e-01,-2.784353861730932689e-01
3.332146865572899114e+05,4.979971988797535188e+06,2.103422000000000025e+03,1.420931402363382612e-01,-2.796433623639880128e-01,-7.921736025586075813e-01,6.102958163131362301e-01,-2.832276089103657468e-01
3.332133258156551747e+05,4.979973080335061066e+06,2.102809999999999945e+03,1.461042790131393265e-01,-2.815162355466209743e-01,-7.622137378561882892e-01,6.473254342471781442e-01,-2.935953080462356812e-01
3.332120532903067069e+05,4.979974225152784027e+06,2.102186000000000149e+03,1.483961180577739736e-01,-2.830442378222601807e-01,-7.164400377394688491e-01,6.976486739927685310e-01,-3.037823576196959086e-01
3.332108625422663172e+05,4.979975478999740444e+06,2.101559000000000196e+03,1.449427832755144641e-01,-2.910719923312640178e-01,-6.560052965502957134e-01,7.547562857624694477e-01,-3.147716493469059351e-01
3.332097696371366619e+05,4.979976852573010139e+06,2.100954999999999927e+03,1.435361037705709109e-01,-2.903724116327961458e-01,-5.919490472337953779e-01,8.059753876384824212e-01,-3.189990768959045098e-01
3.332087815934492392e+05,4.979978312340781093e+06,2.100291999999999916e+03,1.533133948094143328e-01,-2.878061494663531339e-01,-4.779665225512885751e-01,8.783780526175666292e-01,-3.260812752772040968e-01
3.332072538946549175e+05,4.979981475852837786e+06,2.099130999999999858e+03,1.589553689313555618e-01,-2.914974226172925564e-01,-3.896928609945189970e-01,9.209448811356228948e-01,-3.303968317129221677e-01
3.332067221272889292e+05,4.979983179391240701e+06,2.098623000000000047e+03,1.632655400197293438e-01,-2.910366334933369159e-01,-2.591114344494385713e-01,9.658474333648946475e-01,-3.234009537453732541e-01
3.332063259032965871e+05,4.979984934974869713e+06,2.098139000000000124e+03,1.667302414833361779e-01,-2.906777108250085950e-01,-1.719890140690384650e-01,9.850988676470804339e-01,-3.150220536321731712e-01
3.332061040824141819e+05,4.979986719357497059e+06,2.097746000000000095e+03,1.669828082990750806e-01,-2.910286148071936085e-01,-8.908228957644286072e-02,9.960242696259057338e-01,-3.047467743867598999e-01
3.332060020289144013e+05,4.979988556196848862e+06,2.097396000000000186e+03,1.657837212024455553e-01,-2.889809858818931376e-01,-5.572020381738021499e-02,9.984464226419711430e-01,-2.977695343003302075e-01
3.332058996857185266e+05,4.979990381927545182e+06,2.096974000000000160e+03,1.640788755885048689e-01,-2.854101885741993083e-01,-6.240414887497459928e-02,9.980509617264993194e-01,-2.950931157724846488e-01
3.332057736789872288e+05,4.979992208275573328e+06,2.096452000000000226e+03,1.632191174697394109e-01,-2.765589808124022109e-01,-7.156033999971403436e-02,9.974362725202675639e-01,-2.875299744941144930e-01
3.332056392048987327e+05,4.979994012612055056e+06,2.095862000000000080e+03,1.623262542470599035e-01,-2.681534014866707172e-01,-7.929067931526487256e-02,9.968515376793696259e-01,-2.801800895758928545e-01
3.332054883755836636e+05,4.979995795142768882e+06,2.095255999999999858e+03,1.575639034557093088e-01,-2.590485607097669507e-01,-1.381554305355098267e-01,9.904105598253423182e-01,-2.783327389532884721e-01
3.332049077439063112e+05,4.979999256319726817e+06,2.094039999999999964e+03,1.426909107830370560e-01,-2.440905676328986862e-01,-2.129529813563671159e-01,9.770624482250021003e-01,-2.688781824637335727e-01
3.332043675115355290e+05,4.980000937846872024e+06,2.093472000000000207e+03,1.351040601222148474e-01,-2.405508874623768778e-01,-3.647973944065878715e-01,9.310869245318421639e-01,-2.732593951070847460e-01
3.332036052600445691e+05,4.980002580701182596e+06,2.092976000000000113e+03,1.280159485263083763e-01,-2.384732236881240419e-01,-4.794683013974956887e-01,8.775591991170740291e-01,-2.706539605823152783e-01
3.332026423347492237e+05,4.980004095396087505e+06,2.092572000000000116e+03,1.221226419816043574e-01,-2.346296270641065884e-01,-5.811543379403508736e-01,8.137933616668991954e-01,-2.619121361034959516e-01
3.332015263526992057e+05,4.980005491805663332e+06,2.092237000000000080e+03,1.182720454134960769e-01,-2.339087468578421869e-01,-6.515839106255251201e-01,7.585765666127234352e-01,-2.545018559603120512e-01
3.332002982022614451e+05,4.980006824444403872e+06,2.091905000000000200e+03,1.170494381824014468e-01,-2.364490690440800846e-01,-6.998475606941171323e-01,7.142922313664724632e-01,-2.508104969245915639e-01
3.331989891450883588e+05,4.980008081380575895e+06,2.091585999999999785e+03,1.152860110527011150e-01,-2.371755409341120280e-01,-7.379951198895379205e-01,6.748060484459416086e-01,-2.451280031142015481e-01
3.331976076486568199e+05,4.980009284625775181e+06,2.091286999999999807e+03,1.132074964933006828e-01,-2.385632982473075425e-01,-7.567624595023150214e-01,6.536899723018603225e-01,-2.416176193038928333e-01
3.331962024891788606e+05,4.980010488488647155e+06,2.090965000000000146e+03,1.089696501504407444e-01,-2.394688732707124790e-01,-7.602361845895934112e-01,6.496467837530311984e-01,-2.384128543957144686e-01
3.331934614235705230e+05,4.980012827711261809e+06,2.090034000000000106e+03,1.088024751025817999e-01,-2.491774829941999503e-01,-7.583989361003250496e-01,6.517906517601299576e-01,-2.449272354076184044e-01
3.331921339848815696e+05,4.980013985082512721e+06,2.089460999999999785e+03,1.089827200321989431e-01,-2.522062977653624083e-01,-7.405835162560763241e-01,6.719643260246677130e-01,-2.501844409096758426e-01
3.331908629209253704e+05,4.980015185448154807e+06,2.088856999999999971e+03,1.102025849369053651e-01,-2.569512341192327076e-01,-7.021813386554308645e-01,7.119981514330406824e-01,-2.603310023156171771e-01
3.331896809424015810e+05,4.980016472419636324e+06,2.088278999999999996e+03,1.101313563318780109e-01,-2.589577838291061140e-01,-6.466476807811202265e-01,7.627888154269164556e-01,-2.687462873258714136e-01
3.331885886289690970e+05,4.980017868214240298e+06,2.087733999999999924e+03,1.111189156818188084e-01,-2.598879327715746257e-01,-5.857434833061628821e-01,8.104964970710010208e-01,-2.757254398750573765e-01
3.331876011766619049e+05,4.980019350202991627e+06,2.087166999999999916e+03,1.120986864190856580e-01,-2.586551353441803314e-01,-5.147270337978517851e-01,8.573541162656567183e-01,-2.794592693337150102e-01
3.331867580246712896e+05,4.980020917356847785e+06,2.086695000000000164e+03,1.124771881305007132e-01,-2.562305563419788879e-01,-4.181596456571484155e-01,9.083735524242700921e-01,-2.797864818371730289e-01
3.331861146776556270e+05,4.980022579343816265e+06,2.086311999999999898e+03,1.147291232821230911e-01,-2.531208342340465212e-01,-3.128220019285325448e-01,9.498117682517021043e-01,-2.763069411698048650e-01
3.331856316963012796e+05,4.980024337192838080e+06,2.085943999999999960e+03,1.163614631096074187e-01,-2.496984346139137223e-01,-2.288276992151762057e-01,9.734669404103503121e-01,-2.696998970495435577e-01
3.331848500530601013e+05,4.980027959244239144e+06,2.085219000000000051e+03,1.169524255823445463e-01,-2.402824090396357137e-01,-2.044138899566766698e-01,9.788845496751797937e-01,-2.591154380207869590e-01
3.331844950169130461e+05,4.980029780452546664e+06,2.084809000000000196e+03,1.169446388937788600e-01,-2.333197996731363189e-01,-1.919826066372098405e-01,9.813983282789828788e-01,-2.514309979606780265e-01
3.331841396911697229e+05,4.980031590552220121e+06,2.084360000000000127e+03,1.146798999862739671e-01,-2.265829120187353163e-01,-1.959801789218303392e-01,9.806078571323847415e-01,-2.446639711355552971e-01
3.331837758981612278e+05,4.980033378640394658e+06,2.083865999999999985e+03,1.115679702906238746e-01,-2.218663353063059229e-01,-2.076035449134217836e-01,9.782130484405637816e-01,-2.401944503374466300e-01
3.331833805540906033e+05,4.980035167551816441e+06,2.083355000000000018e+03,1.106033328852723679e-01,-2.199558243535676139e-01,-2.274439019961929931e-01,9.737911847232680884e-01,-2.393470963892538605e-01
3.331829451914796373e+05,4.980036935274960473e+06,2.082833000000000084e+03,1.035065854456785339e-01,-2.119397180565828764e-01,-2.557368127440315941e-01,9.667464417351242512e-01,-2.313624125534425591e-01
3.331824537448710762e+05,4.980038671112784185e+06,2.082291999999999916e+03,1.000440976421853034e-01,-2.032634199156864996e-01,-2.981235671937618181e-01,9.545272854579206490e-01,-2.238459837107829864e-01
3.331818670650452841e+05,4.980040387202993035e+06,2.081755000000000109e+03,9.526771977091244570e-02,-1.960401146534261341e-01,-3.674485074158558295e-01,9.300438669212650611e-01,-2.173318877386943848e-01
3.331811135820258642e+05,4.980042063180542551e+06,2.081277999999999793e+03,1.056955968296868359e-01,-1.970915798459497159e-01,-4.948625130891667334e-01,8.689712844157017058e-01,-2.235717119558529586e-01
3.331791424575874116e+05,4.980045171573559754e+06,2.080485999999999876e+03,9.995615202719024261e-02,-1.949870109171692456e-01,-5.719163311373500758e-01,8.203119590609373457e-01,-2.171167326588973046e-01
3.331779560776997823e+05,4.980046592057265341e+06,2.080170000000000073e+03,9.769968658693202468e-02,-1.956229328918286103e-01,-6.687146380269707313e-01,7.435191543520970336e-01,-2.107826081869381696e-01
3.331766648380004335e+05,4.980047926347442903e+06,2.079902000000000044e+03,9.353046224604952275e-02,-1.924271881498961778e-01,-7.114403291430495546e-01,7.027465105347940888e-01,-2.017688778495928537e-01
3.331753090471035102e+05,4.980049206741081551e+06,2.079644999999999982e+03,9.342896768630157278e-02,-2.090737977047425755e-01,-7.415899105690529902e-01,6.708534896251072688e-01,-2.095438665704436043e-01
3.331738811070589582e+05,4.980050444552706555e+06,2.079405000000000200e+03,8.926302650547081330e-02,-2.079948629055957676e-01,-7.603147683798054945e-01,6.495548113774254340e-01,-2.029720612645051769e-01
3.331724368122366723e+05,4.980051660558966920e+06,2.079146000000000186e+03,8.361111316601155252e-02,-2.067398247606000439e-01,-7.710761130531936791e-01,6.367429841614107300e-01,-1.961106651111704791e-01
3.331709758727675071e+05,4.980052843651214615e+06,2.078813000000000102e+03,8.000335182049934935e-02,-2.047441259782283585e-01,-7.740358108769590517e-01,6.331418194054539983e-01,-1.915575277336898363e-01
3.331695309993091505e+05,4.980054037440834567e+06,2.078403999999999996e+03,7.902060690442157254e-02,-2.024232702167566289e-01,-7.628660562720475102e-01,6.465565560629118469e-01,-1.911602312117381963e-01
3.331681340329350205e+05,4.980055252213189378e+06,2.077960000000000036e+03,7.801778782016526026e-02,-1.984812423055697383e-01,-7.222262655436748613e-01,6.916568667763207667e-01,-1.936274097102788638e-01
3.331655574204339646e+05,4.980057842831535265e+06,2.077027999999999793e+03,7.611271347051143388e-02,-1.922600565993112520e-01,-6.837362910413405936e-01,7.297291855976647534e-01,-1.923387989345961002e-01
3.331643865317145828e+05,4.980059251797604375e+06,2.076545000000000073e+03,7.666635941278626687e-02,-1.952718207675316620e-01,-6.088942411426776502e-01,7.932514122920191202e-01,-2.015813523404988150e-01
3.331633283916673390e+05,4.980060746751621366e+06,2.076108999999999924e+03,6.700248367042876962e-02,-2.048650513409163987e-01,-5.353634541133232005e-01,8.446217922832987002e-01,-2.089041679317470979e-01
3.331624306168999756e+05,4.980062337567212991e+06,2.075789999999999964e+03,7.119100177298012810e-02,-1.941875471903654615e-01,-4.438562482246352636e-01,8.960980029617021669e-01,-2.056096441916261119e-01
3.331617162909562467e+05,4.980064001409483142e+06,2.075518000000000029e+03,7.488383433046241766e-02,-1.885924718435336156e-01,-3.626322467121466664e-01,9.319323224593621946e-01,-2.029107133691719356e-01
3.331611065358365886e+05,4.980065740336690098e+06,2.075224000000000160e+03,8.321659695183626637e-02,-1.789685010360200224e-01,-3.146482399846943223e-01,9.492083465048830604e-01,-1.960623507132689680e-01
3.331605528652354842e+05,4.980067511149136350e+06,2.074923999999999978e+03,9.655092104260375174e-02,-1.820740569815490761e-01,-2.733656098553454150e-01,9.619102054497681298e-01,-2.015325949711013476e-01
3.331600944281569682e+05,4.980069301708973013e+06,2.074639999999999873e+03,1.005411657625326916e-01,-1.762722548293094160e-01,-2.217359145874052417e-01,9.751067552745632527e-01,-1.941778537955779760e-01
3.331597315144117456e+05,4.980071123124842532e+06,2.074393000000000029e+03,1.037472380597039417e-01,-1.748967606111652140e-01,-1.801819114359287655e-01,9.836333050437521264e-01,-1.907276543412021463e-01
3.331590857249788241e+05,4.980074808332989924e+06,2.073782000000000153e+03,1.057827354354343302e-01,-1.684711828538896228e-01,-1.720214073967916424e-01,9.850932115273289824e-01,-1.841567135952318912e-01
3.331587701386058470e+05,4.980076628513935953e+06,2.073373999999999796e+03,1.093013878415315665e-01,-1.679403523591700420e-01,-1.740776674446737338e-01,9.847319258036786316e-01,-1.844031572427133336e-01
3.331584460849055904e+05,4.980078426683410071e+06,2.072909999999999854e+03,1.098302318636303621e-01,-1.623915460737787031e-01,-1.882078051694134058e-01,9.821292288051058916e-01,-1.801603907902107615e-01
3.331580893207918853e+05,4.980080181241592392e+06,2.072405999999999949e+03,1.114390443640927014e-01,-1.600808112960987739e-01,-2.244698146479761347e-01,9.744810425615797467e-01,-1.810104175188813058e-01
3.331576449217862682e+05,4.980081904738011770e+06,2.071891000000000076e+03,1.122869693139744579e-01,-1.597472723475244771e-01,-2.979619396446486213e-01,9.545777509051837084e-01,-1.859484351243487210e-01
3.331570258326237090e+05,4.980083588328232057e+06,2.071413000000000011e+03,1.157959701312867573e-01,-1.615688681206988442e-01,-3.962363625280372337e-01,9.181485419095049005e-01,-1.942267946832150205e-01
3.331562232959868852e+05,4.980085198892153800e+06,2.071010999999999967e+03,1.208525198730150685e-01,-1.651551356391796899e-01,-4.948718153029120770e-01,8.689659869170948125e-01,-2.033207013286166820e-01
3.331552522178260842e+05,4.980086702692165039e+06,2.070672999999999774e+03,1.262659107303910067e-01,-1.694357149457718092e-01,-5.884698935286919452e-01,8.085191305159884489e-01,-2.112957039701268136e-01
3.331541201960677281e+05,4.980088088413838297e+06,2.070351000000000113e+03,1.334869559965905228e-01,-1.764165696262390004e-01,-6.955839712912101902e-01,7.184448057316226155e-01,-2.195969550606460263e-01
3.331515091531624785e+05,4.980090568775163032e+06,2.069818000000000211e+03,1.326950485454371498e-01,-1.797523437691330717e-01,-7.454675741319986004e-01,6.665418935954086077e-01,-2.187323235325856485e-01
3.331500862160229008e+05,4.980091695300027728e+06,2.069574999999999818e+03,1.296729293296101093e-01,-1.791367830924076587e-01,-7.878791365985070572e-01,6.158299003075369260e-01,-2.124843828736227014e-01
3.331486548118169885e+05,4.980092799813738093e+06,2.069311999999999898e+03,1.243668437471155963e-01,-1.775309721598374579e-01,-7.955148135246102870e-01,6.059341395423306631e-01,-2.065077433699155640e-01
3.331472149405331584e+05,4.980093882316301577e+06,2.068965999999999894e+03,1.168604394591187950e-01,-1.734465984494045765e-01,-8.015742934720855306e-01,5.978951848315278150e-01,-1.973752102325871116e-01
3.331457668920700671e+05,4.980094953916389495e+06,2.068521000000000186e+03,1.117688289810784275e-01,-1.711060686674046039e-01,-7.977475348062539329e-01,6.029916008623541490e-01,-1.923388300508593052e-01
3.331443664605135564e+05,4.980096035390365869e+06,2.068014000000000124e+03,1.071122714834560757e-01,-1.710129055408342591e-01,-7.752767969076828081e-01,6.316216337148083948e-01,-1.910571095292178945e-01
3.331430463565113023e+05,4.980097170349437743e+06,2.067496000000000095e+03,1.047075308584387854e-01,-1.732452308199182722e-01,-7.314963887776604334e-01,6.818453147197257591e-01,-1.947196296328721210e-01
3.331418390008077840e+05,4.980098391296129674e+06,2.067010000000000218e+03,9.996318889610868175e-02,-1.726341065531772356e-01,-6.703973831942642292e-01,7.420022564698055545e-01,-1.951099568578115173e-01
3.331407525710613700e+05,4.980099709133183584e+06,2.066547999999999774e+03,9.885051867180595642e-02,-1.771387543796095476e-01,-5.501768620741618321e-01,8.350481545624951485e-01,-2.023046581234496100e-01
3.331390146387462155e+05,4.980102678060059436e+06,2.065840000000000146e+03,1.110594362444246169e-01,-1.848047551574011904e-01,-4.562006191757244089e-01,8.898769550132680228e-01,-2.151188763714541041e-01
3.331384017050230177e+05,4.980104294794456102e+06,2.065577000000000226e+03,1.171505551404767032e-01,-1.893954441448831294e-01,-3.149333731353756716e-01,9.491137816329370258e-01,-2.166524457114719082e-01
3.331379170049532549e+05,4.980105985995797440e+06,2.065327000000000226e+03,1.226679100294747055e-01,-1.904133989607758592e-01,-2.459357402509741441e-01,9.692861350845813906e-01,-2.147334908051476421e-01
3.331375357155425008e+05,4.980107707846970297e+06,2.065059999999999945e+03,1.259860206709420560e-01,-1.933735105474944649e-01,-1.928127580098180638e-01,9.812355682243929511e-01,-2.140366786178626579e-01
3.331372341735083610e+05,4.980109460965543985e+06,2.064786999999999807e+03,1.283513304622175000e-01,-1.968088603810959070e-01,-1.581943754983340944e-01,9.874079904278130204e-01,-2.146350998941367605e-01
3.331369723602711456e+05,4.980111224163493142e+06,2.064503999999999905e+03,1.291999043105028500e-01,-2.011102969510863703e-01,-1.430811626100717548e-01,9.897109582631437030e-01,-2.175271372299018569e-01
3.331367260327507975e+05,4.980112975841065869e+06,2.064137999999999920e+03,1.253520777911097117e-01,-2.021582570150035341e-01,-1.446642634890386026e-01,9.894807986359179797e-01,-2.181656796125224229e-01
3.331364633500877535e+05,4.980114705713052303e+06,2.063722000000000207e+03,1.231238801285552548e-01,-2.050404754864659229e-01,-1.550805777270015395e-01,9.879018242780298609e-01,-2.216539822462407772e-01
3.331361846022196114e+05,4.980116424888118170e+06,2.063259000000000015e+03,1.235643811750999493e-01,-2.092051656266822324e-01,-1.805492075032488763e-01,9.835659528826468101e-01,-2.280765291743733214e-01
3.331355304248527391e+05,4.980119787948030978e+06,2.062215000000000146e+03,1.184252224342552395e-01,-2.230296707990966354e-01,-2.102292610693265451e-01,9.776521149111502273e-01,-2.429418763489985533e-01
3.331351076690674527e+05,4.980121433068085462e+06,2.061653999999999996e+03,1.158414886664925064e-01,-2.287100805258638625e-01,-3.005474465480234003e-01,9.537668647911097253e-01,-2.529519600723115214e-01
3.331345026261975290e+05,4.980123049597105943e+06,2.061117999999999938e+03,1.117104330079432967e-01,-2.366246734735328039e-01,-4.053822248786587701e-01,9.141472812148097038e-01,-2.615952257990905583e-01
3.331337062489159871e+05,4.980124593306356110e+06,2.060652000000000044e+03,1.101914714559356911e-01,-2.437056402078678352e-01,-4.979109818131761123e-01,8.672281442560768605e-01,-2.662139338422718771e-01
3.331327661535539664e+05,4.980126074069357477e+06,2.060202999999999975e+03,1.079708799473851066e-01,-2.452562721608791407e-01,-5.741552630395795331e-01,8.187464405565079151e-01,-2.627947488326837222e-01
3.331316972457908560e+05,4.980127458148435690e+06,2.059791000000000167e+03,1.090317359778288642e-01,-2.481301602461497557e-01,-6.443931030805142290e-01,7.646944021648555134e-01,-2.600030432295077909e-01
3.331305153010780341e+05,4.980128745131912641e+06,2.059454000000000178e+03,1.089067398765373867e-01,-2.487868228697441841e-01,-7.065858884159864628e-01,7.076272905219183063e-01,-2.530003109350253965e-01
3.331292127216532826e+05,4.980129946334390901e+06,2.059139000000000124e+03,1.051343342717324936e-01,-2.422904420429148886e-01,-7.486076942778286947e-01,6.630132125893366535e-01,-2.393461359271596423e-01
3.331278382835038938e+05,4.980131116064025089e+06,2.058858999999999924e+03,1.025195453996654293e-01,-2.366909151566431169e-01,-7.766712644576843072e-01,6.299061413938602527e-01,-2.287170460264877359e-01
3.331249924366388586e+05,4.980133369125436060e+06,2.058282999999999902e+03,8.898351140953807137e-02,-2.238891254288309374e-01,-7.870744877033727382e-01,6.168579664772704252e-01,-2.081444422851125853e-01
3.331235686440985883e+05,4.980134462330639362e+06,2.057896000000000186e+03,7.772853189941596186e-02,-2.146423509058034973e-01,-7.892514394293556057e-01,6.140701632213457772e-01,-1.931528191412847650e-01
3.331221688051093370e+05,4.980135566027193330e+06,2.057460999999999785e+03,7.125892184149380804e-02,-2.111081434266922352e-01,-7.747151578898033852e-01,6.323103859148423433e-01,-1.886912385253877167e-01
3.331208250503920717e+05,4.980136701608879492e+06,2.057003999999999905e+03,6.967490230804096463e-02,-2.110792766409430865e-01,-7.460645310435671806e-01,6.658736483138089080e-01,-1.925341013362994735e-01
3.331195771084059961e+05,4.980137879154901952e+06,2.056554000000000087e+03,7.147761921353155967e-02,-2.147419335193628542e-01,-7.047949246833983272e-01,7.094111037617912841e-01,-2.027173753320619942e-01
3.331184100736132823e+05,4.980139132402976044e+06,2.056090000000000146e+03,8.084452190765473167e-02,-2.249287052361225447e-01,-6.550828339626107999e-01,7.555570664400635961e-01,-2.229063312079853643e-01
3.331173090405089315e+05,4.980140495090838522e+06,2.055639999999999873e+03,8.533833201139276459e-02,-2.252560733214627742e-01,-5.920584282794603137e-01,8.058950412449845668e-01,-2.320580312227394915e-01
3.331163368207189487e+05,4.980141954462669790e+06,2.055259000000000015e+03,9.033823665527399016e-02,-2.207923364209115058e-01,-5.012469030665550607e-01,8.653043061063474539e-01,-2.363343208122457018e-01
3.331155568057297496e+05,4.980143519979950972e+06,2.054911000000000058e+03,9.347603034429893820e-02,-2.105857215911230707e-01,-3.736355910651418810e-01,9.275755737886817176e-01,-2.302601433847048240e-01
3.331143502146848477e+05,4.980146886346237734e+06,2.054349000000000160e+03,1.047920355174988549e-01,-1.915247837625326799e-01,-3.124866244957245631e-01,9.499221597116619398e-01,-2.146797456829133699e-01
3.331138748625200242e+05,4.980148632887195796e+06,2.054101999999999862e+03,1.133242619920593608e-01,-1.861620533368937014e-01,-2.536990924526196234e-01,9.672831904301434358e-01,-2.088216873089854264e-01
3.331134313513654633e+05,4.980150389713295735e+06,2.053813000000000102e+03,1.190088784423220386e-01,-1.830738460958687419e-01,-2.476119246594152001e-01,9.688592956495076791e-01,-2.068408150229515130e-01
3.331129796628343174e+05,4.980152135636662133e+06,2.053447000000000116e+03,1.225372640289747739e-01,-1.792576349676161251e-01,-2.533278257546755508e-01,9.673804901373651566e-01,-2.044524374462241556e-01
3.331125197969302535e+05,4.980153870657300577e+06,2.053012000000000171e+03,1.237557152201246152e-01,-1.765434393478330921e-01,-2.628505027696766971e-01,9.648365733085205731e-01,-2.028648190266945928e-01
3.331120432860285509e+05,4.980155572763770819e+06,2.052532000000000153e+03,1.240485988108865900e-01,-1.695706297452030387e-01,-2.855694204335649800e-01,9.583580260598008049e-01,-1.979338604683508474e-01
3.331115182894472964e+05,4.980157231671000831e+06,2.052072999999999865e+03,1.241745719599201547e-01,-1.618287472613047229e-01,-3.270861461892015098e-01,9.449945253656744093e-01,-1.935430624057823124e-01
3.331109056588084204e+05,4.980158859517145902e+06,2.051603999999999814e+03,1.225051952794508348e-01,-1.476667417559240914e-01,-3.866384648721341022e-01,9.222313687363488111e-01,-1.835481220081107145e-01
3.331101659557989915e+05,4.980160457331727259e+06,2.051164000000000215e+03,1.259188767189022840e-01,-1.434065846497453445e-01,-4.985321524160519768e-01,8.668712090082461019e-01,-1.870896480555540031e-01
3.331082705925088376e+05,4.980163441494653001e+06,2.050396999999999935e+03,1.326997706254779419e-01,-1.557620617274067254e-01,-5.735100815865915580e-01,8.191985023903187724e-01,-2.037047039742598264e-01
3.331071298377308995e+05,4.980164794105315581e+06,2.050101999999999862e+03,1.298696111584753121e-01,-1.655342511752910251e-01,-6.746966368478352072e-01,7.380951484911821847e-01,-2.098026175789624581e-01
3.331058763362241443e+05,4.980166060729508288e+06,2.049878999999999905e+03,1.258247490604625096e-01,-1.708463046703513899e-01,-7.241130003664629777e-01,6.896813486678314842e-01,-2.089408463824919959e-01
3.331045498163130251e+05,4.980167251446435228e+06,2.049679000000000087e+03,1.114088199791802153e-01,-1.594785709467604062e-01,-7.570312210889865723e-01,6.533787035835481039e-01,-1.885398569634730848e-01
3.331031669232865097e+05,4.980168399170332588e+06,2.049500000000000000e+03,1.065096320886407266e-01,-1.551264291931025441e-01,-7.751680537018358352e-01,6.317550858680188730e-01,-1.805647748019378884e-01
3.331017597877810476e+05,4.980169525294933468e+06,2.049309000000000196e+03,1.027212109176042359e-01,-1.515966456284354724e-01,-7.831120814383052409e-01,6.218805897480360612e-01,-1.747172326767836847e-01
3.331003444751125062e+05,4.980170640517103486e+06,2.049135000000000218e+03,1.005428550313570285e-01,-1.514633808536630932e-01,-7.861779816684782984e-01,6.180001465531199667e-01,-1.726489704047334817e-01
3.330989367605971638e+05,4.980171744425021112e+06,2.048903999999999996e+03,9.674361786795403206e-02,-1.525278730986386333e-01,-7.869026949814648120e-01,6.170771010424125347e-01,-1.702492713824229065e-01
3.330975290465657599e+05,4.980172848333262838e+06,2.048619000000000142e+03,9.297716645074656505e-02,-1.536233569284391753e-01,-7.784485400100016328e-01,6.277084279793422317e-01,-1.688086153563105318e-01
3.330947623959226185e+05,4.980175110458551906e+06,2.048030999999999949e+03,8.718246875757836023e-02,-1.537614280332254280e-01,-7.680873337352528418e-01,6.403451005164872978e-01,-1.654241270659597141e-01
3.330934271222835523e+05,4.980176268057819456e+06,2.047703999999999951e+03,8.952740283517066078e-02,-1.561007569501680348e-01,-7.470295399309144768e-01,6.647908441537128121e-01,-1.706539685371029624e-01
3.330921242697751150e+05,4.980177458159700036e+06,2.047375999999999976e+03,9.557860251832436815e-02,-1.569914685419489531e-01,-7.295014564705325499e-01,6.839792577318201117e-01,-1.771036378680863610e-01
3.330908538384012645e+05,4.980178680764174089e+06,2.047022999999999911e+03,1.042170476963594355e-01,-1.590759980390491490e-01,-7.130686632239333633e-01,7.010942030341092979e-01,-1.858411709530306266e-01
3.330896155381498393e+05,4.980179924762553535e+06,2.046628999999999905e+03,1.150878587971278927e-01,-1.594785582007551827e-01,-6.972803028078700116e-01,7.167985625795891824e-01,-1.945624983121373996e-01
3.330884017713854555e+05,4.980181201469413005e+06,2.046221000000000004e+03,1.260977595517790151e-01,-1.611413489759661866e-01,-6.755422907317698566e-01,7.373212416802278346e-01,-2.039973088567390014e-01
3.330872364910757169e+05,4.980182521375625394e+06,2.045826000000000022e+03,1.350454790741934530e-01,-1.606703721866509782e-01,-6.453457474269435057e-01,7.638906114608030595e-01,-2.098856144830606452e-01
3.330861354725087294e+05,4.980183884069308639e+06,2.045442000000000007e+03,1.404486193603933508e-01,-1.590252281716174609e-01,-6.092418155046004369e-01,7.929844955865519296e-01,-2.116717121914470090e-01
3.330850838104534196e+05,4.980185323288287967e+06,2.045095000000000027e+03,1.427958053851323128e-01,-1.538421590919749893e-01,-5.554790121074313358e-01,8.315305569299016319e-01,-2.072445291374668264e-01
3.330831501886409242e+05,4.980188352923582308e+06,2.044528999999999996e+03,1.393263610668714347e-01,-1.424592584969577858e-01,-5.274374392084640872e-01,8.495938722243809860e-01,-1.945184521559889523e-01
3.330822358082170249e+05,4.980189910837574862e+06,2.044288999999999987e+03,1.341953061076100739e-01,-1.357355889750798128e-01,-5.001845031462479607e-01,8.659188546349715354e-01,-1.846584182484979908e-01
3.330813377835954889e+05,4.980191490557177924e+06,2.044017000000000053e+03,1.301900436593473320e-01,-1.299533623820168238e-01,-4.955757929321351618e-01,8.685646973367531221e-01,-1.773919369835801896e-01
3.330804394694083603e+05,4.980193059168255888e+06,2.043708000000000084e+03,1.239663727189218162e-01,-1.237703626907473847e-01,-5.029717330278413723e-01,8.643028611401040173e-01,-1.693266599215727530e-01
3.330795248003513552e+05,4.980194605974013917e+06,2.043356999999999971e+03,1.172242826545227268e-01,-1.210686238588233599e-01,-5.130931888086033288e-01,8.583329072092126255e-01,-1.640641648815726050e-01
3.330786168592449394e+05,4.980196108139309101e+06,2.043012999999999920e+03,1.082380553717213895e-01,-1.157908739978475848e-01,-5.231714237446384308e-01,8.522274704426090475e-01,-1.553072211796990010e-01
3.330777077584342915e+05,4.980197565870075487e+06,2.042679000000000087e+03,1.006517197020273258e-01,-1.092499422247747709e-01,-5.352713353203654156e-01,8.446801747314500730e-01,-1.461572406950188696e-01
3.330767974978989223e+05,4.980198979166315868e+06,2.042354000000000042e+03,9.377600753587515825e-02,-1.008483655029488446e-01,-5.542277577578813563e-01,8.323650596527171208e-01,-1.359159221558353114e-01
3.330758773198689451e+05,4.980200314907965250e+06,2.042099999999999909e+03,8.681383608688318654e-02,-9.201298455011064359e-02,-5.900630614748760827e-01,8.073571598015940598e-01,-1.255129797710496653e-01
3.330740311641125008e+05,4.980202764218346216e+06,2.041692999999999984e+03,8.032506201183535477e-02,-8.094012846915625559e-02,-6.130113555373275513e-01,7.900740965139209093e-01,-1.131888740194843951e-01
3.330731130739386426e+05,4.980203877581129782e+06,2.041534000000000106e+03,7.432972377251612084e-02,-7.734585788820491636e-02,-6.456697430422897455e-01,7.636167775263347224e-01,-1.070550484042057382e-01
3.330722242141881725e+05,4.980204901250928640e+06,2.041416999999999916e+03,7.099166591993866238e-02,-7.452998921290350520e-02,-6.656119254328191071e-01,7.462980401432226518e-01,-1.028744843241392315e-01
3.330713569872375811e+05,4.980205846542341635e+06,2.041301999999999907e+03,6.651087701331934166e-02,-7.363253841487592266e-02,-6.875570866611629972e-01,7.261303275459674023e-01,-9.919684406779163965e-02
3.330705189906099695e+05,4.980206702140744776e+06,2.041193999999999960e+03,6.297414475656114285e-02,-7.242899954323665790e-02,-7.117254404164308212e-01,7.024577549319515057e-01,-9.569861332282091071e-02
3.330697026266918401e+05,4.980207479360741563e+06,2.041097999999999956e+03,5.692776146811882182e-02,-7.119150345534620838e-02,-7.314980433505229307e-01,6.818435396587376740e-01,-9.018401283587472450e-02
3.330689239607296186e+05,4.980208188899088651e+06,2.041015000000000100e+03,5.208414258920734952e-02,-7.039949846620657814e-02,-7.511753544924953951e-01,6.601027092832402188e-01,-8.559522394260979383e-02
3.330681903001898318e+05,4.980208808332486078e+06,2.040936999999999898e+03,4.912158002561825554e-02,-7.053538845266241197e-02,-7.722185613177671160e-01,6.353569811974353332e-01,-8.274774733191052334e-02
3.330674867399677169e+05,4.980209371398824267e+06,2.040871000000000095e+03,4.671910434631165038e-02,-7.068282245421428356e-02,-7.990093994298037572e-01,6.013185342418975177e-01,-7.983189469989321330e-02
3.330662163758730749e+05,4.980210293868548237e+06,2.040756000000000085e+03,4.099349639209731722e-02,-6.953784056272130365e-02,-8.178612958844869718e-01,5.754154157599079555e-01,-7.354013952052121383e-02
3.330656653471662430e+05,4.980210652859997936e+06,2.040717000000000098e+03,3.875081053144201898e-02,-6.796917204398916779e-02,-8.516732237761114321e-01,5.240732009011770387e-01,-6.862384928494671965e-02
3.330651599038316635e+05,4.980210943963759579e+06,2.040682999999999993e+03,3.715912891096596893e-02,-6.657581637535682495e-02,-8.855217415498978228e-01,4.645979393437252303e-01,-6.383620364583275641e-02
3.330646842706220923e+05,4.980211167591731064e+06,2.040643000000000029e+03,3.600836477167063815e-02,-6.558159740576283148e-02,-9.234638365812792848e-01,3.836854734370124809e-01,-5.841512893045081034e-02
3.330642463351311162e+05,4.980211323537951335e+06,2.040630000000000109e+03,3.506460533381441924e-02,-6.514336922035950106e-02,-9.543939726647003852e-01,2.985500710790253143e-01,-5.291400549552451038e-02
3.330638700502422871e+05,4.980211422293205746e+06,2.040627999999999929e+03,3.483116627043990332e-02,-6.457016340692446621e-02,-9.803739754261707740e-01,1.971468191655299795e-01,-4.687737127395477654e-02
3.330635475283308187e+05,4.980211464063446037e+06,2.040656999999999925e+03,3.489301259080825057e-02,-6.399352900468134597e-02,-9.949946864819212422e-01,9.992784333079168801e-02,-4.111309746376525659e-02
3.330632717519676080e+05,4.980211482380618341e+06,2.040679000000000087e+03,3.534078665029220800e-02,-6.373232777435015872e-02,-9.996592687598579996e-01,2.610261256092635471e-02,-3.699232519972908695e-02
3.330630427211492788e+05,4.980211477244723588e+06,2.040729000000000042e+03,3.582077636691528844e-02,-6.347134998069374479e-02,-9.903337187235443650e-01,-1.387051749546344137e-01,-2.667071796333271225e-02
3.330626696828538552e+05,4.980211398055405356e+06,2.040838999999999942e+03,3.741122299981839566e-02,-6.321396243823770855e-02,-9.748888408164867458e-01,-2.226920475712746428e-01,-2.239453709335523929e-02
3.330625186579580186e+05,4.980211357533941977e+06,2.040862000000000080e+03,3.805269313226497530e-02,-6.281310279658602891e-02,-9.435521050911033214e-01,-3.312241310323679189e-01,-1.509948331808838237e-02
3.330623749405412818e+05,4.980211294589188881e+06,2.040859999999999900e+03,3.896293205074460170e-02,-6.250890642018915033e-02,-9.205009295765530508e-01,-3.907403724325163030e-01,-1.144066179676445777e-02
3.330622472884124145e+05,4.980211242341187783e+06,2.040858999999999924e+03,3.906160567227360408e-02,-6.252645985228313941e-02,-9.001959157248031751e-01,-4.354851470628856025e-01,-7.933753323740369567e-03
3.330621351214406313e+05,4.980211178572603501e+06,2.040859999999999900e+03,4.019776949735300031e-02,-6.182697664868466031e-02,-8.693321989159853436e-01,-4.942282144191061932e-01,-4.388579076640610616e-03
3.330620229544664035e+05,4.980211114804021083e+06,2.040847999999999956e+03,4.104986280498439111e-02,-6.168809589070075455e-02,-8.420234982106871158e-01,-5.394408479722655470e-01,-1.287870323047682342e-03
3.330619183850362897e+05,4.980211039720813744e+06,2.040843000000000075e+03,4.195829082254471515e-02,-6.115962103672587663e-02,-8.323716693371236985e-01,-5.542178308976806189e-01,-1.029140064995687220e-03
3.330618141056703171e+05,4.980210975746276788e+06,2.040828999999999951e+03,4.241111948961989730e-02,-6.079208828996938985e-02,-8.427944112154613920e-01,-5.382356179443940070e-01,-3.023387272360948674e-03
3.330617177139151609e+05,4.980210911565781571e+06,2.040819999999999936e+03,4.349785201406908969e-02,-6.041798526270973635e-02,-8.427944232701922722e-01,-5.382355990685343539e-01,-4.140636609301077964e-03
3.330616134345451137e+05,4.980210847591248341e+06,2.040810999999999922e+03,4.380110892731212818e-02,-5.992256132700912036e-02,-8.427944316346486220e-01,-5.382355859710776791e-01,-4.662875794630767790e-03
3.330615170427859994e+05,4.980210783410754986e+06,2.040804000000000087e+03,4.495222401872386170e-02,-5.935692811914723699e-02,-8.427944404240305110e-01,-5.382355722082527993e-01,-5.937474316942699393e-03
3.330614127634116448e+05,4.980210719436223619e+06,2.040806000000000040e+03,4.584648107704300535e-02,-5.871660414492652080e-02,-8.106242009682869121e-01,-5.855667381302719354e-01,-2.781776727054645348e-03
3.330613239691943163e+05,4.980210643941105343e+06,2.040803000000000111e+03,4.659514500004367094e-02,-5.844010064947427474e-02,-7.466419525505106902e-01,-6.652261229774134588e-01,4.085991539252827043e-03
3.330612430625883862e+05,4.980210568240030669e+06,2.040818999999999960e+03,4.734358915744579788e-02,-5.808939467464836748e-02,-6.243599285777902130e-01,-7.811367867322194236e-01,1.581632315441542161e-02
3.330611934163667611e+05,4.980210480606446043e+06,2.040821999999999889e+03,4.776719973606743941e-02,-5.813628115911245037e-02,-3.761791664422011183e-01,-9.265469414632216960e-01,3.589696811602959003e-02
3.330611671429170528e+05,4.980210381246317178e+06,2.040826999999999998e+03,4.820825650674168128e-02,-5.818381079421841573e-02,-3.055805227264805635e-01,-9.521662376550698026e-01,4.066915599330300779e-02
3.330611332719206694e+05,4.980210293200814165e+06,2.040842000000000098e+03,4.877013246235320509e-02,-5.845243917792514871e-02,-3.415632577746547938e-01,-9.398587877646114030e-01,3.827895330170660859e-02
3.330610991108557209e+05,4.980210194046642631e+06,2.040827999999999975e+03,4.915642103023908083e-02,-5.811084665651218562e-02,-2.664287515706965648e-01,-9.638546157675855763e-01,4.291372388927150450e-02
3.330610722572680097e+05,4.980210072469176725e+06,2.040820999999999913e+03,4.948560944237002934e-02,-5.812362499355771400e-02,-1.815895680314352223e-01,-9.833744092573066808e-01,4.817121494952075755e-02
3.330610255675007938e+05,4.980209795782282017e+06,2.040777000000000044e+03,5.038095552736467780e-02,-5.829314254609564705e-02,-1.663934456013149710e-01,-9.860594410383797248e-01,4.909744277248884181e-02
